title,reviews_count,rating,total_price
Apple iPhone 15 128GB Blue,17464,4.6,1149.87
Apple iPhone 7 - 128 GB - Silver - Unlocked - CDMA/GSM,48831,4.3,1660.33
Playstation 4 Pro 1TB Console - Black,17830,4.7,177.71
Play Station 4 Sony 500 GB,50632,4.7,333.98
Apple iPhone 15  - 128 GB - Green - Unlocked,17464,4.6,791.09
"Apple iPhone Xr - 128 GB, White",61871,4.5,504.26
Levi's 1950's 701 Women's Jeans - Black Lizard 28 x 30,96,4.1,252.95
Apple iPhone 15 Pro - 128 GB - Black Titanium,17683,4.5,1282.79
Apple iPhone 16 Pro Max 256GB White Titanium,3221,3.9,1385.99
Apple iPhone 15 Pro Max 1TB Black Titanium,29083,4.6,1894.48
Apple iPhone 14 256GB Purple,27052,4.6,939.0
Apple iPhone 12 128GB White Good,43404,4.5,300.14
Sony PlayStation PS3 320GB Uncharted 3 Bundle,14415,4.6,183.58
PlayStation 3 250GB Console,14415,4.6,115.09
"Smartphone Samsung SM-S916B 6,6"" Cream 8 GB Ram 256 GB",7904,4.6,647.01
Samsung Galaxy S23 Ultra (S918) Dual 5G 256GB 8GB Ram Green,49880,4.7,842.39
"Samsung Galaxy S23 Ultra 5G, 256GB (Cream), Imported",49880,4.7,854.07
Apple iPhone 13 Mini - 128 GB - Blue,6772,4.6,1027.94
Apple iPhone 16 Pro 256GB Natural Titanium,2479,4.0,1285.99
Apple iPhone 13 128GB Black Medianoche MLPF3QL/A,70359,4.7,924.0
iPhone 8 Plus 64GB Gold - 24 month warranty,16747,4.5,203.88
PlayStation 5 Body (Slim Model) Digital Edition [CFI-2000B01],17829,4.7,465.13
PlayStation 5 Slim Digital Edition Toys/Spielzeug,8083,4.7,498.9
Sony PlayStation 5 PS5 Slim Digital Edition Console (UK Plug),8083,4.7,637.89
Sony PlayStation 5 PS5 Slim Ultra HD Blu-ray Edition Console (UK Plug),17829,4.7,549.67
Apple iPhone 14 128GB Midnight,27052,4.6,825.0
Apple iPhone 12 Mini 128GB (product) Red de,17451,4.5,545.37
Apple iPhone 15 Pro Max - 1 TB - Natural Titanium,26768,4.6,1897.96
Apple iPhone 15 Plus 128GB - Yellow,5877,4.6,1792.99
Apple iPhone 13 128GB Starlight,70359,4.7,849.0
Apple iPhone 13 - Pink - 256 GB - Unlocked,70359,4.7,1024.22
Sony PlayStation 4 Slim 500GB Wi-Fi Black,52958,4.7,799.97
Samsung Galaxy S23 FE - 128 GB - Graphite - Verizon,10012,4.4,180.22
Apple iPhone 16 Pro Max 1TB Black Titanium,3810,3.9,1865.99
Apple iPhone XR - White - 64 GB - AT&T,63721,4.6,155.15
"Apple iPhone 14 Pro 5G (256GB, Dual-SIMs) - Space Black",555,4.6,1199.88
Apple iPhone 16 Pro Max 256GB White Titanium,3810,3.9,1385.99
Apple iPhone 15 Pro - All Sizes - All Colours - Unlocked - Excellent Condition,17683,4.5,1381.57
Apple iPhone 14 Plus - 128 GB - Midnight,10666,4.6,559.0
Apple iPhone 15 Pro Max - 256 GB - Blue Titanium - Unlocked,26768,4.6,1294.0
PlayStation 5 Body (Slim Model) [CFI-2000A01],17829,4.7,750.89
Sony PlayStation VR2 (PSVR2),3105,4.4,482.12
Sony PlayStation 5 Slim Digital Edition (PS5),2951,4.9,510.2
Apple iPhone 13 128GB Midnight,70359,4.7,851.49
Apple iPhone 11 128GB Yellow,109084,4.6,437.61
Apple iPhone 16 Pro 256GB Natural Titanium,2479,4.0,1285.99
Apple iPhone 14 - 128 GB - Purple - Unlocked,27052,4.6,526.99
Apple iPhone 14 Pro 128GB Space Black,8230,4.5,1023.52
"Apple iPhone 14 5G (256GB, Dual-SIMs) - Blue",27052,4.6,767.88
Apple iPhone 16 128GB Teal MYED3ZD/A,857,4.2,885.98
PlayStation 2 Slim Console PS2 (Renewed),4426,4.4,158.04
Samsung Galaxy S23 FE - 128 GB - Cream  - Verizon,33853,4.5,180.22
Apple iPhone 14 Pro 256GB Silver,8230,4.5,1199.0
Apple - iPhone 13 Blue 5G 512gb A15 ios15,70359,4.7,1593.49
"Apple iPhone 14 Pro 5G (256GB, Dual-SIMs) - Space Black",555,4.6,1199.88
Apple iPhone 14 128GB Midnight,27052,4.6,825.0
"Apple iPhone 12 Mini, 64gb, 5G Fully Unlocked, Blue",22,3.1,384.24
"Apple iPhone 14 5G (256GB, Dual-SIMs) - Blue",27052,4.6,767.88
"Sony PlayStation 5 Slim 1.02 TB Wi-Fi Black, White Toys/Spielzeug",17829,4.7,621.48
PlayStation 4 Slim 500 GB Console,52958,4.7,294.64
Apple iPhone Xs 64gb Space Gray Unlocked,18955,4.5,257.99
Apple iPhone 13 128GB Black Medianoche MLPF3QL/A,70359,4.7,951.49
iPhone 8 Plus 64GB Gold - 24 month warranty,16747,4.5,203.88
"Apple iPhone 15 6.1"" 128GB Black Smartphone",17159,4.6,1623.19
Apple iPhone 16 Pro - 128 GB - Desert Titanium - Unlocked,2479,4.0,1068.93
Pre-owned PlayStation 4 Slim 1TB Console (Used ),52958,4.7,242.99
Samsung Galaxy S23 Ultra 5G SM-S918B/DS 256GB 12gb Ram Dual Sim (Global Model) Factory Unlocked GSM (Green),49880,4.7,707.69
Apple iPhone 14 Plus - 128 GB - Blue,10666,4.6,1216.62
Apple iPhone 12 Mini 64gb Blue de,17451,4.5,227.51
"Apple iPhone 14 Plus 5G (128GB, Dual-SIMs) - Purple",10666,4.6,899.88
Apple iPhone 12 - 64 GB - White,43404,4.5,888.6
Apple iPhone 15 Pro Max - 1 TB - Natural Titanium,26768,4.6,1874.23
Apple iPhone SE 64gb Midnight,13395,4.6,518.98
Apple iPhone 14 128GB (PRODUCT)RED,27052,4.6,1049.0
Apple iPhone 12 Mini 64gb Blue de,17451,4.5,235.59
Apple iPhone 12 128GB Purple (2020),43404,4.5,507.0
"Sony PlayStation 5 Slim 1.02 TB Wi-Fi Black, White Toys/Spielzeug",17829,4.7,621.48
Apple iPhone 16 Pro Max - 512 GB - Desert Titanium,3810,3.9,1767.72
Apple iPhone 12 128GB White Good,43404,4.5,280.53
Apple iPhone 14 Pro - 128 GB - Space Black - Unlocked,3282,4.3,754.24
Shelly 1 Plus WiFi Switch,150,4.6,25.71
"DIN Rail Smart Switch Shelly Pro 1PM with Power Metering, 1 Channel",20,4.3,70.89
It Cosmetics Cc+ Natural Matte Foundation SPF40 Medium 32ml (1.08floz),3012,4.3,47.1
Apple iPhone 11 - 64gb - White (Unlocked),109450,4.6,504.02
"Apple iPhone 12 mini - 5G smartphone - dual-SIM / Internal Memory 64 GB - OLED display - 5.4"" - 2340 x 1080 pixels - 2x rear cameras 12 MP, 12 MP - front camera 12 MP - black",17526,4.4,275.88
Apple iPhone 15 (128 GB) - Pink,18521,4.6,729.0
Apple iPhone 16 Pro 128GB White Titanium,2569,4.0,1702.36
Apple iPhone 13 128GB Midnight,65713,4.7,891.04
Apple iPhone 16 Pro 128GB Black Titanium,2807,4.0,1680.48
Apple iPhone 11 128GB Yellow,112972,4.6,248.91
Apple iPhone 13 Pro 128GB Graphite (2021),11838,4.7,1532.91
Smartphone Apple Blue Black 128 GB,19401,4.6,1121.24
Smartphone Apple iPhone 15 Blue,19401,4.6,1126.37
iPhone 16 Pro Max 256GB Black Titanium Unlocked- Apple,2489,4.7,989.75
"Smartphone Apple iPhone 14 6,1"" Red A15 128 GB",56,4.8,1132.49
Apple iPhone SE 64gb Midnight,13395,4.6,518.98
apple iphone 11 pro dual sim 5.8 64gb italia space grey,15138,4.5,1192.28
Apple iPhone 13 - Pink - 256 GB - Unlocked,70359,4.7,989.39
Shelly Plus 1PM WLAN Smart Relay 16A Red,325,4.6,21.09
Reich Caravan Weight Control Yellow - 1000kg,917,4.4,3527.88
Optic Fire Detector Genius Plus,168,4.7,70.96
HGST Ultrastar 10TB He SAS 4Kn ISE 0F27402,42,4.7,118.75
Apple iPhone 16 Pro Max 512gb Natural Titanium,4254,4.0,1585.99
Apple iPhone 13 Mini 128GB Starlight de,7165,4.6,1026.49
"Apple iPhone 14 Pro Max 5G (512GB, Dual-SIMs) - Space Black",19933,4.7,1583.88
Apple iPhone 14 Plus 128GB Starlight,10998,4.6,1120.0
Apple iPhone 16 128GB Black,1042,4.3,1562.47
"Apple iPhone X - 4G smartphone 64 GB - OLED display - 5.8"" - 2436 x 1125 pixels - 2x rear cameras 12 MP, 12 MP - 2x front cameras 7 MP - Telekom - space gray",30178,4.4,191.88
Apple iPhone Xs 64gb Space Gray Unlocked,18945,4.5,258.93
"Apple iPhone 12 Pro 128gb, Silver Unlocked - Silver",10341,4.6,552.06
Apple iPhone 16 128GB 6.1 Clear MYE73QL/A,1564,4.6,924.48
Apple iPhone 15 (128 GB) - Green,19401,4.6,699.52
Apple iPhone 16 Pro Max - 1 TB - Desert Titanium - Unlocked,4243,4.0,1718.93
Apple iPhone 15 Pro Max - 256 GB - Blue Titanium - Unlocked,26768,4.6,1307.2
Apple iPhone 12 128GB Purple (2020),43404,4.5,487.4
Apple iPhone 15 Plus 128GB Pink,5877,4.6,1524.23
Apple iPhone 14 128GB Purple,27052,4.6,1242.99
Reich Caravan Weight Control Orange - 1500kg,288,4.1,3543.97
TS 55 f-plus Master Edition - Plunge Saw 1200W 577843,22,5.0,731.62
"Wera 3867/1 TS Torx Bit, Stainless Steel, TX 10 x 25 mm - 05071032001",24,4.9,16.21
Apple iPhone 15 Plus (128 GB) - Blue,132,4.2,800.71
"Smartphone apple iphone 12 6,1"" a14 white",44877,4.5,359.88
"Apple iPhone 12 mini - (PRODUCT) RED - 5G smartphone - dual-SIM / Internal Memory 128 GB - OLED display - 5.4"" - 2340 x 1080 pixels - 2x rear cameras 12 MP, 12 MP - front camera 12 MP - red",17582,4.4,359.88
Apple iPhone 11 Pro 64gb Space Grey,14767,4.5,295.98
Apple iPhone 15 Plus 128GB Blue,5705,4.6,1294.26
Apple iPhone 13 128GB Starlight,70359,4.7,876.49
Apple iPhone 13 128GB Midnight (2021),48,4.7,548.09
Apple iPhone 16 128GB Teal MYED3ZD/A,857,4.2,885.98
Apple iPhone 12 - 64 GB - Black - Unlocked,43404,4.5,491.5
Apple iPhone 16 Pro - 128 GB - Desert Titanium - Unlocked,2479,4.0,1101.4
"Apple iPhone 12 Pro, 128gb, Graphite - Fully Unlocked (Renewed)",1059,3.6,367.01
Apple iPhone 15 Pro 128GB Natural Titanium,16407,4.4,1471.84
Apple iPhone 16 Pro Max - 1 TB - Desert Titanium - Unlocked,4254,4.0,1730.92
Apple iPhone 16 Pro Max 256GB White Titanium,4243,4.0,1365.99
"Apple iPhone 14 - 5G Smartphone - Dual-SIM / Internal Memory 128 GB - OLED Display - 6.1"" - 2532 x 1170 pixels - 2x Rear Cameras 12 MP, 12 MP - Front Camera 12 MP - Midnight",26791,4.6,1026.99
Apple Iphone 15 Pro 5g - 128gb - Blue Titanium- Spares And Repairs - U888,15211,4.4,1633.0
Apple iPhone 15  - 256 GB - Blue - Unlocked,19401,4.6,895.32
Apple iPhone 7 - 32gb - Silver - AT&T,5651,4.4,84.22
Apple iPhone 15 Pro Max - 256 GB - Blue Titanium - Unlocked,25875,4.6,960.75
"Apple iPhone 8 Plus - 64 GB, Space Grey",16736,4.5,148.2
"Lenovo ThinkPad T14 Gen 2 - 14""",1193,4.5,1182.18
"HP Chromebook x360 11 G3 EE 11.6"" Touchscreen 2 in 1 Chromebook - HD -",127,4.1,593.48
"MSI GF63614 15.6"" Gaming Laptop /8GB Ram /512GB - Black",1728,4.2,928.45
Nyx Butter Gloss (Madeleine),45475,4.6,16.1
"Under Armour Mens Golazo 3.0 Shorts, White",106,4.4,32.24
"used Pre-owned Samsung Galaxy S21 Ultra 5G 128GB G998u Unlocked (Like New), Silver",7126,4.4,329.52
"Recertified - Apple MacBook Pro Mr9u2ll/a 13.3"" 8GB 256GB Intel Core i5-8259U, Aluminum",22905,4.8,442.13
Ugg Gracelynn Shorts Women's Shorts Ink : LG,4730,0.0,42.9
Apple iPhone 14 Pro - 128 GB - Deep Purple - T-Mobile,12919,4.6,787.96
Samsung Galaxy Z Fold4 512 GB in Graygreen,8491,4.3,513.59
"HP Laptop 14-dq0010nr, 14"" HD Notebook, Intel Celeron N4020, 4GB Ram, 64gb Flash Memory, Indigo Blue",197,3.8,274.23
Samsung Galaxy S22 - 256GB - Green - Verizon,16192,4.2,257.39
Apple iPhone 14 Unlocked (A2881) - 5G 128GB / Blue,25277,4.6,663.35
Samsung Galaxy S23+ - 512 GB - Lavender - Unlocked,8219,4.6,1073.89
Sherpani Anti Theft Vale at Crossbody Bag - Loden,175,4.9,75.89
Apple Watch Series 8 (GPS) 45mm Aluminum Case with Midnight Sport Band - S/M - Midnight,9096,4.6,606.21
Apple iPhone 11 Pro - 512 GB - Gold - AT&T,14714,4.4,535.0
"Recertified - Dell - Intel i7 - Latitude - Everyday Value - 256GB SSD - E7450 - 16GB Memory - 14.0"" Screen",397,4.4,187.25
"Apple iPad (5th Generation) - Wi-Fi - 32 GB - Space Gray - 9.7""",12960,4.6,99.0
"HP Envy 13"" Fhd, i5-1135G7, 8GB Ram, 256 GB Ssd, Silver, Windows 10, 13-ba1047wm",802,4.5,527.81
Microsoft Surface Laptop Go 12.4-in - Intel Core i5 - 8GB - 128GB SSD - Ice Blue,2205,4.5,558.35
Apple iPhone 14 Pro - 512 GB - Deep Purple - Unlocked,12919,4.6,915.9
Apple Watch SE (2nd Generation) 44mm / Starlight Aluminum Case with Starlight Sport Loop / GPS + Cellular,9504,4.6,363.13
Samsung Galaxy S22 Ultra 5G Sm-s908u1 512gb White (US Model) - Factory Unlocked Cell Phone - Very Good Condition,29217,4.6,500.72
Kent 29 in. Flexor Men's Dual Suspension Mountain Bike Blue,821,3.7,217.8
"Lenovo 21M70004US ThinkPad E14 G6, Intel Core Ultra 5 125U (e-cores ..",56,4.8,1104.14
Apple 10.9-inch iPad Wi‐Fi 256GB - Pink,40602,4.8,971.33
"HP EliteBook 640 G10 14"" Notebook - Intel Core i7 13th Gen i7-1370P - 16 GB",77,4.8,2749.47
Helly Hansen Men's Swift Midlayer Navy / L,2,0.0,108.0
"Restored Apple iPad Air 2 Mglw2ll/a 128GB 9.7"" WiFi Only, Space Gray (Refurbished)",1464,3.8,147.22
Samsung Galaxy Note20 Ultra (N9860) 256GB 12GB Ram International Version - Mystic Black,8392,4.6,431.81
12.9-inch iPad Pro Wi-Fi 128GB,8278,4.6,705.59
Lenovo 82SX0002US Slim 7 i7 16g 1TB W11H,80,4.3,852.62
On Cloudgo Women's White | Glacier / 11,386,4.7,118.65
Samsung Galaxy S7 32GB GSM Unlocked Smartphone for GSM Carriers,34152,4.6,117.79
Sega Saturn - Game Console,55,4.7,113.99
Samsung Galaxy A71 5G - 128GB - Prism Cube Black - AT&T,8770,4.5,185.25
"Samsung Galaxy A30 A305g, 64gb, GSM Unlocked Dual Sim White",1495,4.5,198.99
Timex Marlin Automatic 40mm Green Watch,14,4.6,279.72
Garden Life: A Cozy Simulator Nintendo Switch,4,0.0,43.89
"Dell Latitude 3520 YM Home & Business Laptop (Intel i5-1135G7 4-Core, 15.6 inch 60Hz HD (1366x768), Intel Iris Xe, 16GB Ram, 256GB PCIe Ssd, Wifi, USB",1081,4.4,1378.13
Apple iPad Pro 4G 64gb 10.5 ́ ́ One Size,1770,4.7,174.08
Samsung Galaxy Note10+ / 256GB Smartphone Unlocked - Aura Glow,3611,4.6,266.05
Samsung Galaxy S22+ Plus 5G Sm-s906u1 256GB White (US Model) - Factory Unlocked Cell Phone - Very Good Condition,368,4.0,515.79
Samsung Galaxy S22 Ultra - 256GB - Sky Blue - Unlocked,38157,4.5,1232.8
Nike Mercurial Vapor 15 Elite Firm Ground Cleats,553,4.4,304.97
"Sony PlayStation 4 500gb Gaming Console, Black",95,3.9,149.99
Samsung - Galaxy Note10+ with 256GB Memory Cell Phone (Unlocked) - Aura Black,6470,4.5,277.71
"Garmin Forerunner 55 GPS Smartwatch, White",5489,4.7,212.99
Apple iPhone 12 128GB Gsm/cdma Fully Unlocked - Black,3343,3.5,455.79
"Unlocked Apple iPhone 14 Pro (128gb, Purple) Australian Stock - As New",12919,4.6,927.6
Apple iPhone 11 64gb Black,105232,4.6,390.89
"HP Envy x360 15-ey0153ng 15.6"" FHD IPS Touch, Ryzen 5 5625U, 8GB Ram, 512gb Ssd, Windows 11 (76Q78EA #ABD)",511,4.3,885.16
New Balance Black 9060 Sneakers,970,4.7,174.89
"Restored Apple iPad 5th Generation 128GB Wifi, Gold (Refurbished)",12960,4.6,120.16
Lugz Tambora Women's Boot - Black Size 11,189,4.8,61.41
Samsung Galaxy S10 / 128GB Dual Sim Unlocked - Black,11587,4.4,383.76
Apple Watch Series 6 - 44mm - GPS - Silver Aluminum Case - White Sport Band,11216,4.6,151.92
"HP EliteBook 840 G10 14"" Notebook - WUXGA - Intel Core i5 13th Gen i5-1335U - 16 GB - 256 GB SSD",31,4.3,1095.69
Apple iPad Air 4 - Wi-Fi - 64 GB - Sky Blue,8462,4.7,595.36
"Lenovo IdeaPad Flex 5 14"" Touchscreen Laptop - i3 8GB 256GB",1596,4.4,399.99
"Dell Latitude 7400 2-in-1 - 14"" - Core i7 8665u - 16 GB Ram - 256 GB SSD",246,4.3,3363.35
"Pre-owned Apple MacBook Air Laptop Core i5 1.1GHz 8GB Ram 512gb SSD 13"" Silver Mvh42ll/a (2020) - Refurbished - Good",18088,4.7,555.48
Samsung Galaxy S7 Smartphone - Dual Sim - 32 GB - Gold Unlocked,34152,4.6,117.79
Samsung Galaxy S21 Ultra 5G - 128 GB - Phantom Black - Unlocked,7800,4.2,962.97
Apple iPhone 6s Plus - 64 GB - Space Gray - AT&T - GSM,18602,4.5,71.68
Apple iPhone X - 256gb - Unlocked - Space Gray,30963,4.4,196.83
"Samsung Galaxy Note 10 Plus Dual Sim 256GB/12GB, GSM - Aura White",6470,4.5,350.58
Samsung Galaxy A71 128GB Dual-SIM GSM Unlocked Smartphone - Blue,8770,4.5,324.58
Apple 10.2-inch iPad Wi-Fi 256GB - Silver (9th Gen),82178,4.8,374.49
"Apple MacBook Pro 15” Retina with Touch Bar, Intel Core i7, 16GB Ram, 512GB SSD",23310,4.8,355.32
"Air Jordan XXXVIII Big Kids' Shoes in White, Size: 4Y | DZ3499-106",11,4.4,149.99
"Samsung Galaxy Book3 Pro 14in Laptop Computer - Core i7, 1TB Ssd, 16GB Ram - NP940XFG-KA1US, Beige",202,4.4,1675.11
"Apple iPhone 11 Pro, 256GB, Midnight Green - Unlocked (Renewed)",779,3.4,268.73
iPhone 6 16GB 32GB 64gb 128GB Verizon Unlocked Gold Gray Silver Excellent,49460,4.4,78.22
Apple iPhone 12 Pro Max - 256 GB - Gold - AT&T,587,4.8,809.94
iPhone XR 128GB White - Verizon - Apple,57723,4.5,139.1
"Kate Spade Madison Flap Convertible Crossbody, Conch Pink",177,4.8,98.12
"Joy Systems - EliteBook 840 G4 14"" Touchscreen Notebook - HD - Intel Core i5",384,3.9,402.77
Samsung Galaxy S21 5G - 128 GB - Phantom White - Verizon,12270,4.3,208.33
"Men's Carhartt Midweight Hooded Logo Sweatshirt - Heather Gray/Black,XL",9178,4.8,60.63
Apple iPhone 14 - 256 GB - Purple - Unlocked,25277,4.6,780.03
Samsung Galaxy S21 Ultra 5G G998u 128GB GSM-CDMA Unlocked Androi,7800,4.2,362.5
Avatar: Frontiers of Pandora - Xbox Series x,943,4.5,69.99
"Lenovo - Yoga 7i 2-in-1 14"" 2K Touchscreen Laptop - Intel Core Ultra 5 125U with 16GB Memory - 512GB SSD - Storm Grey",422,4.6,962.99
Samsung - Galaxy S21 Ultra 5G 128GB (at&t) - Navy - 36 Monthly installments,7126,4.4,385.99
"Restored Apple iPad Pro 256GB Wi-Fi, 10.5 inch - Rose Gold (Refurbished)",1770,4.7,281.14
Samsung Galaxy S21+ 5G - 128 GB - Phantom Black - AT&T,5645,4.2,493.84
Apple iPhone 11 Pro Max - 256 GB - Midnight Green - Verizon - CDMA/GSM,19310,4.6,421.06
12.9-inch iPad Pro Wi-Fi + Cellular 256GB - Space Gray | Apple,4664,4.8,1157.34
Apple iPhone 14 Plus - Blue - 128 GB - Unlocked,11030,4.6,727.59
Samsung Galaxy S21 Ultra 256GB 12GB Ram Single Sim Phantom Silver,7800,4.2,2105.93
Asus Laptop L210 11.6 Ultra Thin Intel Celeron N4020 Processor 4GB Ram 64gb eMMC Storage Windows 10 Home in S Mode with One Year of Office 365,1957,4.3,213.25
Apple iPad Air 2 16GB (Wi-Fi) Space Gray,17916,4.5,104.73
"HP Victus 15.6"" Gaming Laptop PC, Nvidia GeForce RTX 3050 Ti, AMD Ryzen 7 5800h, Silver",169,4.3,1198.42
Apple iPhone 8 256GB Red,35155,4.3,257.94
Apple iPad Air WiFi 256GB 10.9 Silver,10811,4.8,794.48
Apple Watch SE - GPS - 40mm - Starlight - Aluminum - Sport Band - S/M,9504,4.6,197.94
Apple 10.9-inch iPad Air Wi-Fi 256GB - Space Grey,10811,4.8,782.65
Lenovo 300E Yoga Chromebook Gen 4 82w20004us,5,0.0,461.95
Modern Threads 4-Piece Garment-Washed Comforter Set Beck Spa Queen,2042,3.9,53.15
Pre-owned Apple iPhone XR 64gb Fully Unlocked (Verizon + Sprint + GSM Unlocked) - Red + LiquidNano Screen Protector (Refurbished: Fair),57723,4.5,217.96
Apple iPhone 12 mini - 256 GB - White - AT&T,16816,4.5,343.89
"Apple MacBook Pro 15.4"" Intel Core i7, 8GB Ram - 256GB SSD (me293ll/a) Late 2013 - Silver",23310,4.8,385.53
"Lenovo ThinkPad X1 Carbon G11 -21HM0016AU- Intel i5-1335U / 16GB 6400MHz / 512gb SSD / 14"" WUXGA Touch / W11P / 3-3-3",1541,4.6,1651.77
Apple iPhone 15 Pro - 128 GB - Blue Titanium - T-Mobile,15461,4.4,1293.8
Apple iPhone 14 Pro 128GB Gold,12919,4.6,1657.71
"Lenovo - IdeaPad Gaming 3 15.6"" FHD Laptop - Ryzen 5 5600h - 8GB Memory - Nvidia GeForce RTX 3050 Ti - 256GB SSD - Shadow Black",881,4.6,790.76
Samsung Galaxy S10 128GB Black (Sprint),11587,4.4,139.37
"Apple iPad Mini 4 128GB 7.9"" WiFi Only, Space Gray (Refurbished)",11211,4.5,116.64
Jordan 6 Rings Grade School Basketball Shoes (Black/White),349,4.8,168.75
"Acer Chromebook Spin 311 R721T-62ZQ 11.6"" Touchscreen 2 in 1 Chromebook - 1366 x 768 - A-Series A6-9220C - 4 GB RAM - 32 GB Flash Memory - Shale Black",455,4.2,247.45
HP Elite C640 G3 Chromebook Enterprise 14 Chromebook - Intel Core i3 12th Gen i3-1215U - 8 GB - 256 GB SSD,2,0.0,1552.74
Samsung Galaxy S10e 128GB Prism Black Unlocked,14343,4.3,183.78
Samsung J3 Black,321,3.8,80.59
"Lenovo ThinkPad E15 G3 AMD Ryzen 7 16GB 512gb 15.6"" W10p",317,4.7,861.2
OnePlus Nord N10 5G Be2026 128GB GSM / CDMA Unlocked Android Smartphone - Midnight Ice,607,4.0,173.99
"HP Chromebook 14a-na0020nr 14-inch Intel Celeron N4000, 4 GB/32 GB 9PG29UA#ABA",4647,4.3,235.39
Under Armour Men's Leadoff Low RM Cleats Baseball Grey/White 12,223,4.7,40.06
"Lenovo IdeaPad 1I, 14.0"" Laptop, Intel Pentium N5030, 4GB Ram, 128GB 82v6001dus",2518,3.9,212.93
Bulova Surveyor Automatic Men's Watch 97A182,5,4.8,434.11
Samsung Galaxy S20 5G 128GB ROM 8GB Ram G981 Unlocked Smartphone - Manufacturer Refurbished - Cosmic Gray,2611,4.1,244.27
Samsung Galaxy Note20 5G N981u 128GB Gsm/cdma Fully Unlocked Android Smartphone - Mystic Bronze (Used),2493,4.2,242.27
G-Shock GMB2100D-1A Watch - Silver,960,4.8,586.44
"Sony PlayStation 4 1TB Pro Console, Black",17572,4.7,558.47
"Samsung 12.4"" Galaxy Tab S9+ - 256GB - Graphite",2781,4.7,1079.99
Samsung Galaxy S20 5G - Gray - 128 GB - Unlocked,8575,4.4,474.72
Lenovo 21F8004BUS ThinkPad T14s AMD G4 AMD Ryzen 7 Pro 7840U 14 inch,270,4.6,1513.92
Nespresso Vertuo Next Deluxe Coffee and Espresso Machine by De'Longhi Chrome,4704,4.1,183.97
Nike Men's Sportswear Club Fleece Full-Zip Hoodie - Dark Grey Heather/Matte Silver/White - S,1920,4.6,83.46
Salomon Men's x Ultra Pioneer Mid Climasalomon Waterproof Black / Magnet / Monument 10.5,115,4.3,162.38
used Samsung Galaxy S21+ Plus 5G G996u 256GB Phantom Black Fully Unlocked Smartphone (Used),3663,4.3,352.85
Bulova Quadra Quartz Diamond Blue Dial Men&s Watch 98D154,20,4.9,351.42
"Apple 10.9-inch iPad Air Wi-Fi - 5th Generation - Tablet - 256 GB - 10.9"" IPS (2360 x 1640) - Space Gray",10811,4.8,778.52
Apple iPad Pro (9.7 inch) 32gb Rose Gold Wi-Fi Mm172ll/a,78,3.1,128.52
Synology DiskStation DS224+ 2-Bay NAS Enclosure,535,4.8,331.91
Party City Custom Big Head Size 36in | Party Supplies | Personalized Party,534,4.4,32.19
"Lenovo Chromebook N23 Yoga 11.6"" Touch 4GB 32GB Mediatek Mt8173c X22.16GHz, Black (Refurbished)",432,3.4,53.78
"Refurbished Apple MacBook Pro with Apple M1 Chip (13-inch, 8GB Ram, 512gb SSD Storage) - Space Gray (Latest Model)",6586,4.4,742.4
"Reebok ATR Chill Men's Shoes, Size: 7.5 Medium, White",23,4.7,53.75
HP Chromebook 11a-na0036 Mediatek Mt8183 2.0GHz 32GB 4GB Touchscreen BT Chrome Os Webcam Indigo Blue,2247,3.9,89.99
Coach Outlet Andrea Carryall - Black,91,4.7,189.74
Samsung Galaxy Z Fold5 512gb in Phantom Black (Unlocked)(SM-F946UZBEXAA),29571,4.5,780.5
Samsung Galaxy S24 - 128 GB - Amber Yellow - Unlocked,17407,4.5,881.99
"HP EliteBook 840 G8 LTE Advanced 14"" Notebook - Full HD - 1920 x 1080",164,4.5,2625.0
"UGG Women's Tasman Slipper, Chestnut, M 6",4078,4.6,122.1
Sorel Women's Brex Heel Chelsea Black/Black / 8.5,278,4.1,88.11
Apple iPhone 14 Pro Max - 128 GB - Deep Purple - Unlocked,19277,4.7,762.08
12.9-inch iPad Pro Wi-Fi + Cellular 2TB - Space Gray | Apple,4664,4.8,1491.68
Apple 12.9-inch iPad Pro Wi-Fi + Cellular 128GB - Silver,4664,4.8,2783.39
Puma Suede Vintage 'Amazon Green Saffron',10,0.0,851.25
"Apple iPhone 11 Pro Max, 256GB, Midnight Green",19310,4.6,659.94
Dell Latitude 5430 - 14-inch - Core i7 1255u - 16 GB Ram - 256 GB SSD,570,4.3,1277.87
MSI Delta 15 A5efk-097 Gaming Laptop,2,5.0,998.01
Samsung - Galaxy Note10+ 256GB - Aura White (at&t),6529,4.4,329.39
Sena 20s Evo HD Bluetooth Communication System - Dual Pack,911,4.0,531.79
Sony PlayStation 5 Model Group - Slim,16664,4.7,449.27
Lenovo 81mb0085us 300E Chromebook 2nd Gen Intel Celeron N4120 1.1g 4GB 32GB 11.6in,1020,4.1,362.7
Samsung Galaxy A51 5G - 128 GB - Prism Cube Black - AT&T,18567,4.4,186.58
Samsung A207m Galaxy A20s 32GB Dual-SIM GSM Unlocked Phone - Red,2429,4.6,152.0
Apple iPhone 12 mini - 128 GB - Blue - Verizon,16816,4.5,237.18
"Lenovo T470 I5-6300U 2.40Ghz (Up To 3.0Ghz) Dual-Core 8Gb Ddr4 Ram, 256Gb Ssd, 14"" Windows 10 Pro",2109,4.6,257.15
"Restored Apple iPad Pro 256GB 12.9-inch Wi-Fi Only Space Gray Bundle: Pre-Installed Tempered Glass, Case, Rapid Charger, Bluetooth/Wireless Airbuds by",224,3.1,709.86
Restored Dell Latitude E5450 4GB Ram 500GB HD 2.3GHz i5-5300U 14 Laptop - Black (Refurbished),740,4.2,329.65
"HP - Intel - Intel Iris XE Graphics - Standard - Everyday Value - 15.6"" Screen - Silver - 1920x1080",3,0.0,700.92
iPhone 15 128GB,17335,4.6,913.97
Apple iPhone 11 Pro - 64 GB - Silver - T-Mobile,14714,4.4,293.39
Restored Apple iPhone 15 Pro - Fully Unlocked - 256 GB Black Titanium (Refurbished),15461,4.4,1106.7
"Lenovo 16"" Legion Pro 5 Notebook - Intel Core i7 - 16GB Ram - 1TB SSD",489,4.5,1562.14
"Restored HP Chromebook 2022 Latest Os 11.6-inch Intel Celeron N3050 1.6GHz 4GB Ram 16GB SSD Bundle: Wireless Mouse, Bluetooth/Wireless Airbuds by 2",364,2.4,99.31
"Samsung Galaxy S21+ Plus 5G Sm-g996u 128GB 256GB - All Colors Unlocked Smartphone - Very Good Condition, Silver",5645,4.2,236.87
"HP 13.5"" Touchscreen Notebook - WUXGA+ - Intel Core i7 13th Gen i7-1365U - Intel",12,4.8,2438.53
"Apple 2019 13.3"" 128GB MacBook Air Silver",2215,4.6,367.08
Restored Apple iPhone 11 Pro - AT&T - 64 GB Space Gray (Refurbished),779,3.4,250.6
"HP EliteBook x360 1030 G8 13.3"" Touchscreen Notebook - Intel",398,4.5,3780.62
Apple iPhone 15 Plus 256GB 6.7 Yellow,5918,4.6,1318.48
Samsung Galaxy Note20 5G - 128 GB - Mystic Bronze - Verizon,2493,4.2,269.99
"Apple Watch Series 7 (gps, 45mm) Midnight Aluminum Case with Midnight Sport Band",13,2.8,204.69
AT&T Prepaid Samsung Galaxy A03s (32GB) Smartphone - Black,4898,3.7,64.79
"Nike Giannis Immortality 3 Men's Basketball Shoes, Size: 11, Fossil Stone Gold",1041,4.6,58.53
Tissot T-Race Chronograph Watch,21,4.8,650.34
Samsung Galaxy Z Fold2 5G - Mystic Black - Unlocked,996,4.5,580.09
Samsung Galaxy S10 / 128GB Unlocked - Blue,11587,4.4,826.86
Asus E406 14 LED Intel N3060 Celeron 4GB Ram 64gb eMMC Win 10 Notebook,3,0.0,165.36
Samsung Galaxy S23+ - 256 GB - Lavender - Verizon,8219,4.6,615.59
Samsung Galaxy S20 Fe G780F 128GB Dual Sim GSM Unlocked Android,24138,4.4,199.99
"Apple iPhone XS Max, 256GB, Gold - Fully Unlocked",10881,4.5,628.37
Refurbished Apple Watch Series 7 41mm GPS + Cellular Unlocked - Red Aluminum Case - Red Sport Band (2021) - Grade A,6533,4.5,237.52
Apple iPhone 15 128GB Blue,17464,4.6,1203.55
Apple iPhone 11 - 64 GB - Purple - Dual Sim,109981,4.6,173.73
Apple iPhone 15 Plus 128GB Pink,6563,4.6,1525.27
Apple iPhone 12 Mini 64gb Blue de,17283,4.4,244.6
Apple iPhone 15 (128 GB) - Pink,17464,4.6,729.0
Apple iPhone 14 Plus 128GB Midnight,11064,4.6,1027.49
"JBL Tune 670NC, On-Ear Wireless Noice Cancelling Headphones Blue",20729,4.4,71.89
Apple iPhone 14 Pro Max 128GB Gold,18920,4.6,665.54
Apple iPhone 7 - 128 GB - Silver - Unlocked - CDMA/GSM,48831,4.3,1656.3
Dell Pro Wireless Headset - WL5022,290,4.2,213.3
Behringer HC 2000 - Studio Headphones,86,4.5,70.9
"14K Gold Oval Moissanite Solitaire Engagement Ring, 3 Carat",30,4.8,1199.0
Apple iPhone XR 64gb Black,4449,0.0,305.99
Sony PlayStation 5 PS5 Slim Disc Console,16858,4.7,699.24
Apple iPhone 15 Pro - 128 GB - Black Titanium,16259,4.4,1311.23
"Apple iPhone Xr - 128 GB, White",61871,4.5,517.74
Apple iPhone 16 Pro 256GB Natural Titanium,2112,3.9,1285.99
Apple iPhone SE 64gb Midnight,13862,4.5,502.98
PlayStation 5 Sony,16858,4.7,554.48
Apple iPhone 14 128GB Midnight,25032,4.6,825.0
"At&t Apple iPhone 11, 64gb, Black",3233,3.2,178.46
"Apple iPhone 8 (Space Grey, 64 GB)",34419,4.4,155.88
Fancl Additive Free FDR Sensitive Skin Care Body Milk 60ml,47,4.7,34.18
FANCL Deep Clear Washing Powder,16813,4.7,18.79
FANCL Skin Renewal Pack 40g,115,4.7,39.9
Fancl Styling Cheek Palette (Case On) - Healthy Orange,70,4.5,60.28
FANCL Brightening Lotion 30ml II Moisturizing,160,4.5,34.13
FANCL Enrich Emulsion II 30ml,22,4.5,28.58
FANCL Facial Foam Cleanser 150ml,1019,4.7,32.44
Fancl Sun Gard 25 Daily UV SPF25 PA+++ - 18g,9,3.9,29.0
"GEEKOM AE7 Mini PC Desktop Computer, AMD Ryzen 9 7940hs,32 GB Ddr5 1TB Ssd, Silver",15,4.5,770.65
FANCL Japan Sunguard 50 Sunscreen UV Lotion (60ml/2oz) SPF50 PA+++ Face & Body,905,4.8,26.23
FANCL Black & Smooth Mild Cleansing Oil 120 ml,3402,4.7,39.85
Fancl Cream Foundation Moisture SPF25 PA++ - 04 Beige Medium,107,4.6,44.75
FANCL Sunguard 50+ Protect UV SPF 50+ PA++++ 60ml,905,4.8,35.7
Fancl Additive Free FDR Sensitive Skin Care Body Lotion 60ml,47,4.7,63.3
FANCL Body Milk Brightening & Aging Care 150g,15444,4.7,29.77
FANCL Moist Up Cream 18g,41,4.8,51.91
FANCL Body Wash Moisturizing 250ml,17,4.4,35.3
Ray-Ban RB4420 Sunglasses 601/80 Black,57,4.6,164.59
Apple iPhone 14 128GB Yellow,25386,4.6,1188.08
Ray-Ban RB3478 Gunmetal Polarized Sunglasses,436,4.6,122.71
FANCL Comprehensive Nutrition Supplement for Women (60s+) 30 Pcs,187,0.0,57.0
Ray-Ban RB2298 Hawkeye - Brown - Sunglasses,122,4.5,255.46
Ray-Ban Boyfriend Two RB4547 601/58 Black Sunglasses,56,4.8,235.44
FANCL Deep Charge Collagen Powder 10 Pcs,810,0.0,32.9
"Apple iPhone XR A2105 64 GB Smartphone - 6.1"" LCD 1792 x 828 - 3 GB Ram - iOS 12 - 4G - White",64340,4.5,387.58
FANCL Deep Clear Washing Powder 60 Pcs,16813,4.7,49.72
Apple iPhone 13 Mini - 128 GB - Blue,7790,4.6,485.77
FANCL Facial Washing Powder 50g,1707,4.8,19.58
Ray-Ban RB4264 Sunglasses - Black,604,4.7,276.48
"Apple iPhone 14 6.1""",25386,4.6,735.0
"Apple Iphone 16 Pro, 256Gb - Desert Titanium",1200,3.9,1325.99
FANCL Supplement for Women in Their 20s 30 Bags,132,0.0,55.0
Ray-Ban RB4305 Sunglasses 601/9A Black,275,4.7,225.33
Apple iPhone 14 Pro Max 256GB Silver,21760,4.6,2752.38
Apple iPhone 16 Pro Max 512gb White Titanium,1816,3.8,2001.52
Ray Ban Sunglasses RB4184 895/96 Matte Blue 54 mm,781,4.2,142.19
Apple iPhone 12 Pro - 256 GB - Pacific Blue - Unlocked,18455,4.5,693.06
Ray-Ban Boyfriend Reverse RBR0501S 67102O Brown Sunglasses,82,0.0,188.01
FANCL Lip Cream 2G,227,4.6,24.84
FANCL Good Choice 30's Women Health Supplement (30 Bags),138,0.0,45.89
Ray Ban RB2140 Wayfarer Sunglasses,8146,4.7,209.63
Apple iPhone 7 - 128GB - Jet Black T-Mobile,20,4.9,137.81
Ray-Ban RB4147 Sunglasses - Black,1397,4.7,185.22
Ray-Ban New Wayfarer Classic Sunglasses RB2132 901/58 - Gloss Black Frame - Polarized Green Classic G-15 Lenses - Size 55-18,21207,4.7,237.62
Apple iPhone XR 64gb Black,64340,4.5,462.19
Apple iPhone 13 128GB Rose,65419,4.7,972.63
Apple iPhone 13 Mini 128GB Starlight,7790,4.6,782.54
Ray-Ban Black RB2180 Sunglasses,1619,4.7,171.36
"APPLE iPhone 16 Pro - 128 GB, White Titanium",1200,3.9,1209.99
Apple - iPhone 11 64gb - Black (Unlocked),114304,4.6,262.33
Ray-Ban RB4416 53mm New Clubmaster Sunglasses - Black,151,4.7,198.72
"Ray-Ban Unisex RB2447 Round Fleck Sunglasses, Brown",586,4.5,207.95
"Apple iPhone 12 Pro, 128gb, Graphite - Fully Unlocked (Renewed)",1354,3.6,381.26
Bumbu Wooden River Rocks,5,5.0,51.87
Ray-Ban Original Wayfarer Classic Sunglasses RB2140 901 - Polished Black Frame - Green Classic G-15  Lenses - 50mm,3475,0.0,190.8
Fanvil X4U VoIP Telephone Black,4,5.0,85.49
"NOW Foods Pycnogenol Free Radical Scavenger, 30 mg, Capsules - 60 count",960,0.0,19.99
Ray-Ban Round Metal RB3447 9196BL Legend Gold Sunglasses,7250,4.7,223.34
Apple iPhone 14 Pro 128GB Space Black,6673,0.0,1089.0
Refurbished iPhone 13 Pro Max 1TB - Graphite (Unlocked),4425,4.3,769.99
Apple iPhone 15 Pro - 128 GB - Black Titanium - Unlocked,16259,4.4,859.99
Apple iPhone 15 Pro - 128 GB - Black Titanium,16259,4.4,1208.07
"Apple iPhone XS Max 512GB, Silver",10622,4.5,849.99
"Ghostek Atomic Slim 4 iPhone 13 Pro, Red (GHOCAS2854)",199,4.2,21.18
Eco Friendly White iPhone 12 Pro Case,20,4.9,21.49
Apple iPhone 12 256GB Black Good,45223,4.5,353.01
Apple iPhone Xs 64gb Space Gray Unlocked,18955,4.5,280.24
Apple iPhone 13 128GB - Midnight,70359,4.7,916.09
Apple iPhone 14 128GB Blue,27052,4.6,839.0
Apple iPhone 14 Pro Max 256GB Space Black,19788,4.7,1259.0
Apple iPhone XR - White - 64 GB - AT&T,63721,4.6,153.7
Ray-Ban RB4340 Wayfarer Havana Sunglasses,1247,4.7,208.07
Apple iPhone 14 256GB Starlight,25386,4.6,1060.0
Ray-Ban Unisex Meta Headliner Sunglasses - Black/Green,71,4.5,365.19
Ray-Ban Jim RB3694 001/51 Gold Sunglasses,61,4.5,216.45
Ray-Ban Unisex RB3548 Hexagonal Legend Gold - Green - Sunglasses,4168,4.7,194.4
"(Unlocked, 64GB) Apple iPhone x | Silver",39014,4.4,177.23
Ray-Ban Erika RB4171 Sunglasses,6545,4.8,183.02
Apple iPhone 15 Pro Max - 1 TB - Natural Titanium,29371,0.0,2283.49
FANCL Enrich+ Emulsion I 30ml,65,4.7,36.89
Ray Ban RB1969 Rectangle Sunglasses,196,4.5,211.19
Apple iPhone 12 64gb Black,50481,4.5,676.99
Ray-Ban RB4181 Sunglasses - Black,544,4.7,186.48
"Ray-Ban RB0840S Mega Wayfarer Sunglasses, Blue",450,4.7,237.82
Apple iPhone 14 128GB Purple,25386,4.6,1349.0
Ray-Ban Black Mega Wayfarer Sunglasses,450,0.0,204.37
Apple iPhone 16 Plus 128GB Pink,188,4.2,1257.0
"Apple Iphone 16 Pro Max, 256Gb - Black Titanium",1816,3.8,1435.99
Apple iPhone 16 Plus - 128 GB - White,188,4.2,1467.69
Play Station 4 Sony 500 GB,50632,4.7,333.98
Sony PlayStation5 PS5 Pro Digital Edition 2TB,142,4.6,876.98
Apple iPhone 15 Pro - 128 GB - Natural Titanium,16259,4.4,1208.07
Apple iPhone 16 Pro - 128 GB - Natural Titanium,2112,3.9,1290.98
"Apple iPhone 15 Pro, 512GB, Blue Titanium - Unlocked (Renewed)",16259,4.4,979.99
Apple iPhone 11 Pro Max (64GB) - Midnight Green,20002,4.6,819.36
Apple iPhone 16 Pro - 512 GB - Black Titanium,718,4.7,1681.83
IPhone For Dummies [Book],7,0.0,12.6
Apple - iPhone 13 Leather Case with MagSafe - Wisteria,602,4.7,14.06
Apple Clear Case for iPhone 11 Pro,677,4.5,25.25
Samsung-Galaxy Z Flip3 5G 128GB (Unlocked) Phantom Black,32505,4.4,665.84
Samsung Galaxy Z Flip3 5G Sm-f711u - 128GB - Cream (Unlocked),32505,4.4,541.24
"Smartphone Samsung A53 6,5"" Octa Core 6 GB Ram 128 GB",22898,4.3,337.98
"Apple Iphone 16 Pro, 512Gb - Black Titanium",1200,3.9,1579.99
Ray-Ban Aviator Large Metal Sunglasses 001/3M Gold,30191,4.7,216.45
FANCL Aging Care Facial Cleansing Cream 90g,5,5.0,16.2
"Apple Iphone 16 Pro Max, 512Gb - Natural Titanium",1816,3.8,1689.99
Fanvil X210 VoIP Telephone Black,3,3.3,331.42
FANCL Enrich+ Lotion I 30ml,69,4.7,27.34
Pre-owned Apple iPhone 12 Mini - Carrier Unlocked - 64 GB Green (Good),19782,4.4,227.21
Apple iPhone 16 Pro 512gb Natural Titanium,1200,3.9,1396.43
Ray-Ban Round Metal Sunglasses RB3447 9002A6 - Bronze-Copper Frame - Green Gradient Lenses - 50mm,7250,4.7,214.99
Apple iPhone 7 Plus 128GB Red,55879,4.5,133.48
Apple iPhone 15 Pro Max 1TB Blue Titanium,29371,0.0,3433.49
Ray-Ban Hexagonal Flat Lenses Sunglasses RB3548N 004/71 - Polished Gunmetal Frame - Grey Gradient Lenses - 54mm,4168,4.7,214.5
Ray-Ban RB3016 W0366 Clubmaster Sunglasses - Tortoise Frame - Green G-15 49mm Lenses,7301,4.7,199.8
FANCL Pore Essence 8 G,30,4.9,23.97
Ray-Ban Aviator Classic Sunglasses RB3025 L0205 - Polished Gold Frame - Green Classic G-15 Lenses - 58mm,30191,4.7,192.6
Now Foods Pycnogenol 100 mg 60 Capsules,2822,0.0,47.87
Sunglasses Ray-Ban RB2180 710/4L,1619,4.7,198.19
Apple iPhone 8 Plus - 64 GB - Gold,20498,4.5,400.21
Ray-Ban RB4378 Sunglasses - Transparent,203,4.6,184.26
FANCL - Clay Gel Facial Wash - 120g,10969,4.7,30.3
Ray-Ban Frank RB3857 Legend Gold Sunglasses,235,4.5,173.99
Apple iPhone 15 128GB Yellow,18154,4.6,758.49
Apple iPhone 16 Pro - 256 GB - Black Titanium,1200,3.9,1247.62
FANCL Cleansing Powder ( 50g × 2 ),1707,4.8,18.3
Ray Ban Boyfriend Blue / Dark Sunglasses RB4147 671780 60,1397,4.7,183.12
FANCL Supplements for Women in Their 50s 30bags x 3,73,0.0,174.5
Sony PlayStation 5 PS5 Slim Disc Console,16858,4.7,556.65
Apple iPhone 16 - 128 GB - Black,699,4.3,1043.35
Apple iPhone 15 Pro Max - 256 GB - Blue Titanium,29083,4.6,1444.95
"Apple iPhone 14 Pro Max, 256GB, Deep Purple - Unlocked (Renewed)",18920,4.6,809.99
Apple iPhone 15 Plus - 128 GB - Pink,6563,4.6,929.75
Apple - iPhone 15 Pro Max FineWoven Case with MagSafe - Evergreen,1231,4.3,22.35
Apple iPhone 12 Mini 5G 64GB Green,17283,4.4,438.21
Gear4 Milan Snap Apple iPhone 13,46,3.9,16.04
Apple AirPods Pro - White,39230,4.5,197.35
Apple iPad Pro 11-inch Wi-Fi 128GB - Space Gray,815,4.7,978.74
Apple iPhone 16 - 128 GB - Black - Unlocked,699,4.3,907.76
Apple iPhone 7 - 32gb - Silver - AT&T,5621,4.4,81.23
"Samsung Galaxy Z Flip 3 SM-F711U 128gb (UNLOCKED) 6.7"" Lavender",32505,4.4,1139.99
Galaxy A05s,22358,4.8,114.25
Apple iPhone 14 256GB Purple,27052,4.6,939.0
Ray-Ban Justin Sunglasses - Black,6793,4.7,166.48
Apple - iPhone 13 Green 5G 256GB A15 ios15,4075,4.4,1283.49
Ray-Ban Justin Sunglasses 651180 Rubber Transparent Blue,6793,4.7,163.53
Apple iPhone 13 Mini 256GB Green,7790,4.6,431.0
Ray-Ban RB3682 Sunglasses,668,0.0,167.86
FANCL Men Face Wash 180ml,215,4.7,35.15
Ray-Ban RB4362 Sunglasses - Black,98,4.7,225.33
Apple iPhone 13 5G 128GB Blue de,65419,4.7,775.75
FANCL Deep Charge Collagen Powder 30 Present,810,0.0,69.1
Ray-Ban RB2242 Wayfarer Oval Sunglasses,26,4.9,193.5
Ray Ban RB4165F Justin Sunglasses - 601/71 Black,950,4.7,161.57
Ray Ban RB2140 Wayfarer Sunglasses - 135831 Black/Green,8146,4.7,196.02
Apple iPhone x 256GB Space Gray,39014,4.4,183.63
Apple iPhone 16 Plus 128GB Black,188,4.2,1335.84
Apple iPhone 14 Plus - 128 GB - Blue,11118,4.6,1253.03
FANCL - Brightening Essence - 18ml,221,4.8,27.38
"Apple iPhone 13 128 GB, Blue",65419,4.7,759.38
Ray Ban Wayfarer Black / Blue Sunglasses RB2140 12943M 50,8146,4.7,207.19
Apple iPhone Xs A2097 64GB Factory Unlocked 4G/LTE Smartphone - Silver,22244,4.5,203.5
Ray Ban RB3386 Sunglasses,993,4.8,210.6
Apple iPhone 15  - 128 GB - Yellow,18154,4.6,831.34
Ray-Ban RB2448N Black Sunglasses,237,4.3,212.01
FANCL Facial Washing Liquid,56,4.8,26.95
Apple iPhone 12 128GB Black,50481,4.5,1244.49
Pre-owned Apple iPhone 11 Pro 256GB Gold Fully Unlocked (Good),17550,4.5,518.14
Sony PlayStation Portal Remote Player (CFIJ-18000),6543,4.4,348.68
Apple iPhone 15  - 128 GB - Black,17464,4.6,829.07
iPhone 16 Pro Classic Hybrid Case with Stash Stand (HaloLock) Clear Grey,8,4.5,22.46
"Electroplated Apple iPhone Case with Ring Holder, for iPhone 13 Pro / Dark Green",2,5.0,24.26
Apple - iPhone 15 Pro FineWoven Case with MagSafe - Evergreen,222,3.9,20.89
Apple AirPods (3rd Generation),27750,4.5,70.69
Peel - Magnetic iPhone 16 Pro Case - Clear,2,3.5,42.64
Apple - iPhone 15 Pro Max Case with MagSafe - Clear,614,4.3,20.0
"APPLE iPhone 14 Pro (256GB, Deep Purple)",12981,4.6,1444.84
Apple iPhone 15 128GB Blue,17464,4.6,1218.25
Sony PlayStation Classic Grey,1320,4.0,161.23
Apple iPhone 16 Pro Max 1TB Black Titanium,3810,3.9,1865.99
Apple iPhone 14 128GB (PRODUCT)RED,27052,4.6,1076.49
Apple iPhone 14 Plus - 128 GB - Blue,10666,4.6,1170.35
Apple iPhone 13 128GB - Midnight,70359,4.7,949.32
Apple iPhone 16 128GB Black,996,4.3,1743.49
Apple iPhone 16 Pro Max 256GB Black Titanium,4454,4.0,2028.1
"Apple iPhone X - 4G smartphone 64 GB - OLED display - 5.8"" - 2436 x 1125 pixels - 2x rear cameras 12 MP, 12 MP - 2x front cameras 7 MP - Telekom - space gray",30471,4.4,191.88
Apple iPhone 13 Pro 128GB Graphite (2021),11757,4.7,1561.84
Smartphone Apple Blue Black 128 GB,20127,4.6,1056.65
PlayStation 5 Body (Slim Model) Digital Edition Dual Sense Wireless Controller Double Pack [CFIJ 10019],6930,4.7,718.0
Sony PlayStation Classic Edition Console - Gray,1334,4.0,87.09
Apple iPhone 16 Pro Max 256GB Black Titanium,4243,4.0,1994.92
Apple iPhone 13 128GB Blue,65713,4.7,901.99
"Apple iPhone 14 - 5G Smartphone - Dual-SIM / Internal Memory 128 GB - OLED Display - 6.1"" - 2532 x 1170 pixels - 2x Rear Cameras 12 MP, 12 MP - Front Camera 12 MP - Midnight",26791,4.6,1026.99
Apple iPhone 15 Pro Max 1TB Blue Titanium,25875,4.6,1884.63
Apple iPhone 13 Pro 128GB Graphite (2021),11838,4.7,1525.68
"Apple iPhone 12 Mini, 64gb, 5G Fully Unlocked, Blue",1200,3.2,395.91
Apple iPhone XS 64GB Silver now Cash on delivery in saudi,18945,4.5,227.88
PlayStation 5 Body (Slim model) Digital Edition [CFI-2000B01],18699,4.7,471.98
Sony PlayStation 5 Pro,1045,4.5,699.0
Sony PlayStation 5 PS5 Slim Ultra HD Blu-ray Edition Console (UK Plug),18699,4.7,563.58
PlayStation 4 Slim 500 GB Console,52943,4.7,281.95
Apple iPhone 13 128GB Midnight,63536,4.7,886.63
Apple iPhone 16 Pro 128GB White Titanium,2706,4.0,1738.5
Apple iPhone 11 - 64 GB - Purple - Dual Sim,112882,4.6,218.05
"Apple iPhone 15 Pro Max (256 GB, Black Titanium, 6.70"", SIM + eSIM, 48 Mpx, 5G)",31938,4.6,1822.13
Smartphone Apple iPhone 15 Blue,20127,4.6,1113.53
Apple iPhone 12 Mini 128GB Green (Unlocked) ished Grade B,17367,4.4,281.0
Apple iPhone 16 Pro 128GB Black Titanium,2807,4.0,1661.48
Apple iPhone 15 Plus 128GB Pink,5705,4.6,1257.16
Smartphone Apple iPhone 15 Blue,19401,4.6,1122.5
iPhone 16 Pro Max 256GB Black Titanium Unlocked- Apple,2489,4.7,989.75
"Apple iPhone 12 Pro 128gb, Silver Unlocked - Silver",10341,4.6,509.99
Apple iPhone 12 128GB Black - Unlocked - 1-Year Warranty,3083,0.0,282.05
"Apple iPhone 13 5G (128gb, Pink) AU - Excellent - Unlocked",5122,4.2,402.0
Apple iPhone 14 Pro Max 256GB Gold,20100,4.6,1259.0
Sony PlayStation Portal Remote Player (CFIJ-18000),6995,4.4,349.99
Apple iPhone 14 128GB Starlight,25914,4.6,905.15
Apple iPhone 13 Mini 128GB Starlight de,7083,4.6,1026.49
Apple iPhone 16 128GB Black,1042,4.3,1539.18
Apple iPhone 14 Plus - 128 GB - Midnight,10998,4.6,559.0
Apple iPhone 15  - 256 GB - Blue - Unlocked,19401,4.6,829.0
PlayStation 5 Body (Slim model) [CFI-2000A01],18699,4.7,750.89
PlayStation 5 Konsole Pro Digital 2TB (1000046526) Toys/Spielzeug,587,4.5,821.99
Access Controller - PS5,43,4.2,161.99
Sony PlayStation 5 PS5 Slim Digital Edition Console (UK Plug),7665,4.7,546.99
Sony PlayStation 5 Slim Digital Edition (PS5),1493,4.7,648.86
PlayStation 5 Pro Console,1045,4.5,689.72
Sony PlayStation VR2 (PSVR2),3087,4.4,801.74
Apple iPhone 14 Pro 128GB Space Black,6431,4.6,1089.0
Apple Iphone 15 Pro 5g - 128gb - Blue Titanium- Spares And Repairs - U888,16046,4.4,1611.32
Apple iPhone 15 Plus 128GB Green,6620,4.6,1285.43
Apple iPhone XS 64GB Silver now Cash on delivery in saudi,18298,4.5,227.88
Apple iPhone 11 - 64 GB - Purple - Dual Sim,112972,4.6,173.73
Apple Iphone 15 Pro 5g - 128gb - Blue Titanium- Spares And Repairs - U888,15211,4.4,1512.38
Apple iPhone x Unlocked CDMA/GSM 64 GB Space Gray,30178,4.4,169.59
Apple iPhone 7 - 32gb - Silver - AT&T,5651,4.4,83.44
PlayStation 5 Slim Digital Edition Toys/Spielzeug,7665,4.7,473.78
"Under Armour Men's Rival Fleece Pants, 3XLT, Black",939,4.7,45.3
Apple iPhone 14 Plus 128GB 6.7 Blue MQ4X3QL/A,11030,4.6,776.98
New Age Pet InnPlace Dog Crate - Antique White Small,1673,3.5,108.84
Garmin Forerunner 745 (Whitestone),504,4.8,544.99
Samsung Galaxy Note 8 SM-N950 64gb GSM Unlocked Orchid Grey,3089,4.6,188.77
Sekiro : Shadows Die Twice- PlayStation 4,2842,4.7,31.42
Apple iPhone 13 Mini 128GB Red- Unlocked,187,3.1,629.94
Refurbished Apple iPhone 8 64gb Silver LTE Cellular Verizon Mq732ll/a,35155,4.3,98.78
"Apple iPhone SE 2nd GEN 64GB 4.7"" 4G LTE CDMA Unlocked, Black",26219,4.4,168.1
Under Armour Tech 2.0 Hoodie,207,4.6,49.95
Under Armour Men's Rival Fleece Crew Sweatshirt,900,4.6,40.04
Samsung Galaxy A8+ Unlocked Smartphone - Black,788,4.5,214.02
"Totes Womens Winter Parka with Hood Winter Coat Water Resistant Anorak, Picasso Lily, Large, Women's",179,4.3,58.58
Apple 11-inch iPad Pro Wi-Fi + Cellular 64gb - Silver,6216,4.5,1049.99
"Lenovo ThinkPad L13 Yoga G4 AMD Ryzen 5 Pro 7530u 33, 78 cm 13.3"" WUXGA Touch 16 GB 512 GB SSD Uma WWAN Ready W11P Black Top Seller (",158,4.5,1184.47
"Under Armour Men's Charged Pursuit 3 Running Shoes - Black, 7",1718,4.4,74.33
"Apple MacBook Pro Mpxy2ll/a 13.3"" 16GB 512gb SSD Core i7-7567U 3.1GHz macOS, Silver (Refurbished)",22905,4.8,593.21
Apple iPhone 8 Plus - 64gb - Gold- Unlocked,4960,4.4,135.24
"Microsoft Surface Pro (Intel Core i5, 8GB Ram, 256GB)",1953,4.6,900.98
Apple iPhone 15 Pro - 128 GB - Natural Titanium  - T-Mobile,15461,4.4,958.49
Samsung Galaxy S9 - 64 GB - Coral Blue - Unlocked - GSM,24951,4.4,159.14
Apple iPhone 14 Plus - 512 GB - Purple - Unlocked,11030,4.6,1085.6
Apple 12.9-inch iPad Pro Wi-Fi + Cellular 512gb - Space Grey,4664,4.8,1051.98
Apple Watch Nike Series 5 - 44mm - GPS - Space Gray Aluminum Case - Anthracite/Black Nike Sport Band,650,4.7,129.59
"Acer Chromebook 311 Cb311-10h-42ly AMD A4-9120c 64gb eMMC 4GB 11.6"" Chrome Os Black",455,4.2,210.01
Ilive Noise Canceling Bluetooth Headphones,445,4.4,44.09
"Lenovo ThinkPad T480 14 HD Laptop - Intel Core i5-8350U, 16GB Ram, 256GB Ssd, Webcam, Windows 10 Pro (Renewed)",1896,4.6,308.69
"Apple iPhone 11 Pro, 64gb, Midnight Green - Unlocked (Renewed)",14714,4.4,302.02
Samsung Galaxy S24+ 12gb/512gb 6.7 Dual Sim Black,13341,4.6,2116.8
Helly Hansen Mens Crew Midlayer Jacket 2.0 - Navy,12,4.5,186.11
Mod Podge Satin Finish- 16oz,4779,4.8,20.67
"Apple iPad Mini 4, 32gb, Space Gray - WiFi (Renewed)",11211,4.5,130.28
Marucci CATX -11 USA Baseball Bat: MSBCX11USA,53,4.8,199.95
"Lee Men's Crossroad 10.5 in Cargo Shorts, 38, Cotton",265,4.7,42.44
Pre-owned Apple Watch Series 7 41mm GPS + Cellular Unlocked - Red Aluminum Case - Red Sport Band (2021) Refurbished - Fair,6533,4.5,189.74
Samsung Galaxy S21+ 5G - 128 GB - Phantom Black - T-Mobile,5645,4.2,185.04
"Apple 13"" MacBook Pro Retina, Touch Bar, 2.3GHz Quad-Core Intel Core i5, 8GB Ram, 256GB SSD - Space Gray (Renewed)",24116,4.7,417.85
Emerica Shoes OG-1 Reissue - Navy 14 / Navy,15,5.0,89.78
Grandstream GRP2603P IP Phone,2,0.0,54.99
"Lenovo Chromebook 100e 2nd Gen 11.6"" HD, Celeron N4020, 4gb, 32GB eMMC,Chrome Os",1001,4.1,197.47
Apple iPad 9.7 inch - 32GB Wi-Fi - Silver,12960,4.6,269.78
Skechers Sport M Fit Final Cut 9.5 Men's Black,434,4.6,52.26
Apple iPhone 12 Pro - 512 GB - Silver - Unlocked,14819,4.5,370.99
20WM005EUS - Lenovo ThinkPad T14s Gen 2 - 8 GB - Core i5-1135G7,758,4.6,763.81
Apple iPhone 11 - Yellow - 64 GB - AT&T,105232,4.6,251.74
"Dell Latitude 3340 13.3"" Notebook - Intel Core i5 13th Gen - 8GB Memory - 256 GB",5,0.0,1118.34
"HP 15.6"" FHD Laptop - AMD Ryzen 5 - 8GB Ram - 512gb SSD Storage - Windows 11 - Silver (15-ef2030tg)",206,4.4,415.58
Refurbished Apple iPhone 7 Plus 32GB Factory GSM Unlocked T-Mobile AT&T 4G LTE Silver - Grade B,1558,4.4,213.28
"HP EliteBook x360 1040 G10 -86V29PA- Intel i7-1355U / 16GB 6400MHz / 256GB SSD / 14"" WUXGA AG IR Pvcy / Pen / W11P DG W10p / 3-3-3",46,4.4,2027.84
Samsung - Galaxy Note9 128GB - Cloud Silver (AT&T),10911,4.6,221.39
Samsung Galaxy S22 Ultra 5G | Unlocked | Green | 128 GB,38157,4.5,605.14
Skechers Men's Relaxed Fit: Relment - Daggett Boots | Size 7.5 | Chocolate | Synthetic/Textile,156,4.0,135.71
Apple iPhone 13 Pro Max - 1 TB - Gold,12510,4.6,1283.99
Mountainsmith Mountain Shelter LT - Pinon Green,25,4.6,151.5
Omega Speedmaster Moonwatch Professional Watch 311.30.42.30.01.005,72,4.8,5185.06
Lenovo IdeaPad Duet 3 128GB Windows 10 Home Intel Pentium 8GB Ram Gray,1626,4.4,303.24
"Merrell Women's Hydro Next Gen Hiker, Size: 10, Melon/Khaki",21,3.8,120.23
Samsung Galaxy J7 - 16 GB - White,3193,4.4,92.99
Reebok Club C 85 Vintage in White - Size 12,425,4.5,97.43
"Dell Latitude 7400 Laptop, Core i7-8665U 1.9GHz, 32gb, 1TB Ssd, 14in FHD Touchscreen, Win11P64, Webcam, Manufacturer Refurbished",246,4.3,689.05
Apple iPhone x - Silver - 256 GB - Unlocked,30963,4.4,289.07
Apple iPhone 12 Pro - 128 GB - Silver - AT&T,14819,4.5,394.92
"Timberland Men's Euro Hiker Hiking Boots, Black/Blue",6,5.0,83.22
Apple iPhone 13 Pro Max - 128 GB - Gold,12510,4.6,833.29
Now That's What I Call Music 115 / Various,21,0.0,26.47
"Microsoft Surface Laptop 4 LPDDR4x-SDRAM Notebook 34.3 cm (13.5"") 2256 x 1504 pixels Touchscreen 11th Gen Intel Core i5 8 GB 512 GB SSD W",548,4.5,773.4
Nike Lebron XXI 'Tahitian' 8.5,503,4.5,107.44
Samsung Galaxy A55 8GB/128GB 6.6 Black SM-A556BZKAEUE,25326,4.7,361.98
Samsung Galaxy A15 5G,127277,4.5,136.74
"Samsung Galaxy Z Flip3 5G Dual Sim 256GB, 8GB Ram Phantom Black Brand New",31733,4.4,1794.54
20un00akus - Lenovo ThinkPad X1 Nano - 16 GB - Core i7 1160g7,391,4.5,854.68
"Apple iPad Air 2 128gb, Wi-Fi + Cellular 9.7"" Gold",17916,4.5,270.2
The Stolen Heir: A Novel of Elfhame [Book],51,0.0,19.36
"Dell Latitude 5540 Laptop (2023) | 15.6"" 1920x1080 FHD | Core i7-1355U - 512gb SSD Hard Drive - 32GB Ram | 10 Cores @ 5 GHz Win 11 Pro Black",1016,4.5,1375.93
Samsung Galaxy S5 Mini G800H - 16 GB - Blue - Unlocked,2581,4.4,122.65
A Touch of Darkness [Book],124,0.0,26.92
"Lenovo Flex 5 14"" 2-in-1 FHD Touchscreen Laptop, 16GB Ram, 256GB SSD",765,4.2,605.0
Apple iPad Wi-Fi 128GB - Silver,20258,4.5,579.86
"HP Stream 14-inch Laptop, Intel Celeron N4000, 4 GB Ram, 64 GB eMMC, Windows 052",2869,3.7,205.33
Samsung Galaxy S23 Ultra 5G Dual S918B 256GB 12GB Ram GSM Unlocked Lavender,60160,4.7,863.35
"HP ProBook 445 G8 14"" Notebook, 1080p, Ryzen 5 5600u, 8GB/256GB, Radeon Graphics",4,3.8,549.61
"HP EliteBook 845 G10 14"" Notebook - WUXGA - AMD Ryzen 7 Pro 7840U - 16 GB - 512 GB SSD",5,4.4,1869.4
Samsung Galaxy A53 5G A536u (GSM Unlocked) 128GB Awesome Black (Used - A+),22194,4.3,269.23
Apple iPhone 15 Plus 5G A3094 Blue 512gb 6GB Ram GSM Unlocked Phone Apple A16 Bionic 48MP,5918,4.6,1911.99
Grandstream GRP2604P 3-Line PoE IP Phone,2,3.0,74.57
Maybelline Lash Sensational Sky High Brownish Black Waterproof Mascara,73147,4.6,21.61
Samsung Galaxy S5 G900A 16GB Unlocked GSM Phone w/ 16mp Camera - White (Refurbished),26209,4.4,51.68
"Dell - Precision 3561 - 15.6"" Mobile Workstation - Intel Core i7 11850h - Nvidia T600 - 16GB Ram - 512gb SSD",169,4.4,2389.14
Apple iPhone 13 Pro Max - 256 GB - Sierra Blue - AT&T,12510,4.6,482.9
ROG Zephyrus G16 (2024) OLED Gaming Laptop,1128,4.4,2557.93
"Straight Talk Apple iPhone 15 Pro, 256GB, Natural - Prepaid Smartphone",15461,4.4,1178.68
Samsung Galaxy S8 - 64 GB - Midnight Black - Total Wireless,20741,4.5,149.49
Apple iPad Air 2 Retina Display with Wi-Fi,17916,4.5,105.84
"HP ZBook Power G10 15.6"" Mobile Workstation - Full HD - Intel Core i7",61,4.1,2167.35
Under Armour Men's HOVR Phantom 3 Running Shoes Black/White,440,4.4,175.0
Creativity for Kids Outer Space Sensory Bin,74,4.6,29.75
Apple iPhone 15 Plus - 256 GB - Black - Unlocked,5918,4.6,1024.22
Samsung - Galaxy S20 Fe 5G 128GB (Unlocked) - Cloud Red,24138,4.4,225.16
"XPG Xenia 15g 15.6"" Gaming Notebook - Full HD - Intel Core i7 13th Gen",8,4.1,2047.24
"Lenovo N21 11.6"" Chromebook Laptop Intel Celeron Dual Core 2.16GHz 2GB 16GB SSD",551,3.1,55.07
iPhone 12 Pro Max 256GB Unlocked,2270,4.2,527.79
iPhone 8 Plus 64gb Silver Verizon,4960,4.4,125.57
"Notebook Apple MacBook Air 256 GB SSD 8 GB Ram M1 - NEW,0194252056356",36643,4.8,898.48
"Apple MacBook Retina 12"" Intel Core M3 1.1GHz 8GB 256GB SSD Space Gray Mlh72ll/a",3845,4.7,1411.04
Under Armour Men's HOVR Infinite 5 Running Shoes - Black/White,135,4.4,127.12
Dell Chromebook 3100 - 11.6 - Celeron N4120 - 4 GB Ram - 32 GB eMMC,2366,4.2,469.79
Apple Watch Series 8 (GPS + Cellular) 41mm Aluminum Case with Midnight Sport Band - M/L - Midnight,9096,4.6,450.09
"Reebok Zig Dynamica 4.0 Blue/Ice Women's Running Shoes, Size: 8",133,4.3,92.11
"Samsung Galaxy Tab A Sm-t290 Tablet 8"" 2GB 32GB Android 9.0 Pie Black",11880,4.5,154.29
"Under Armour Men's Hustle Fleece Pant - Carbon Heather, Small",773,4.7,32.08
"Happy Birthday Party Decorating Kit, 19pcs, Size: Varies by Item",46,4.1,3.97
Canon EOS 550D - Digital camera - SLR - 18.0 MP - APS-C - 1080p - 3x optical zoom EF-S 18-55mm IS lens,731,4.7,699.95
Samsung Galaxy S23 Ultra - 256 GB - Phantom Black - T-Mobile,60160,4.7,1034.2
Samsung Galaxy S23 FE - 256 GB - Mint - Unlocked,10398,4.4,720.71
Lenovo ThinkPad X1 Yoga 3rd Gen - 20LD001HUS,1761,4.5,2037.3
"MacBook Pro 13-inch - M1, 8GB Ram, 256GB SSD - Space Gray -Apple",6586,4.4,997.43
Apple Watch SE GPS + Cellular 40mm Midnight Aluminum Case with Midnight Sport Band - S/M,3862,4.6,259.45
Apple iPhone 13 Pro 5G Dual Sim A2639 256GB (Sierra Blue),10679,4.7,1624.64
Garmin Forerunner 955,1679,4.8,544.36
"MacBook Air 13.3"" (2020) MWTJ2LL/A Intel Core i3 - 8GB Memory, 256GB SSD (Certified Refurbished)",36643,4.8,430.44
Apple iPhone XR - 64gb - Product Red - AT&T,57723,4.5,167.86
Salomon Multicolor XT-4 OG Aurora Borealis Sneakers,14,4.6,243.8
Apple iPhone 14 Pro Max - 512 GB - Deep Purple - Unlocked,19277,4.7,923.39
Samsung Galaxy S21 5G | Spectrum | Phantom Gray | 128 GB,7800,4.2,82.74
"Samsung Galaxy A24 A245M 6.5"" Full HD+ 128GB 4G LTE GSM Smartphone, Unlocked Blue Gradient",4396,4.7,274.93
Microsoft Surface Laptop Go - 12.4-Inch - Core i5 1035g1 - 4 GB Ram - 64 GB eMMC - English,2205,4.5,500.43
Samsung Galaxy Z Flip4 - 256GB - Bora Purple,8542,4.2,595.38
Apple Watch Series 4 - 40mm  - GPS + Cellular - Gold Aluminum Case - Pink Sand Sport Loop,7797,4.4,165.3
Apple Watch Series 5 - 40mm - GPS + Cellular - Gold Stainless Steel Case - Stone Sport Band,9820,4.4,137.7
Microsoft Surface Pro 12.3″ - Core i5 7300U 2.6 GHz - 4 GB RAM - 128 GB SSD,1953,4.6,184.25
How to Keep House While Drowning: A Gentle Approach to Cleaning and Organizing [Book],15,0.0,17.78
"Samsung Galaxy S5, 16gb, White (Verizon Wireless)",26209,4.4,52.02
"Lenovo ThinkPad P15 Gen 2 15.6"" Rugged Mobile Workstation - 20yq003yus",1032,4.6,1422.41
"Lenovo ThinkPad E14 Gen 5 21jr001sus 14"" Notebook - WUXGA - AMD Ryzen 7 7730u",104,4.6,979.65
Galaxy Note 20 128GB T-Mobile Smartphone - 12 Months Warranty,1526,4.2,196.25
Apple iPhone 13 - 256 GB - Green,55719,4.7,432.57
"Apple - MacBook Pro 16"" Laptop - M2 Pro Chip - 16GB Memory - 1TB SSD - Space Gray",32,4.8,2204.15
FK9M0 Dell Chromebook 5190,93,3.6,98.76
iPhone 6S Plus 64gb Space Gray (Verizon Unlocked) Refurbished,18602,4.5,104.74
Apple iPhone XR 128GB Unlocked GSM Phone with 12MP Camera - Coral (Certified Used),4550,4.1,275.61
Hoka Transport Women's White/White - 9.5,440,4.4,160.88
Carhartt Men's Rugged Rigby Flex Bib - Gravel,811,4.5,97.4
"HP 17.3 inch Laptop, AMD Ryzen 3 7320u, 256GB Ssd, Windows 11 Home, 17-cp2124od, Silver",1230,4.7,470.59
Samsung Galaxy A13 5G 128 GB Black SM-A136BZKVEUB,10420,4.3,205.94
"Apple iPad 9th Gen 10.2 inch Tablet 64gb Wifi, Silver (Used - Good)",19513,4.9,264.97
Samsung Galaxy S8+ Sm-g955u - 64gb - Orchid Gray (Verizon),12098,4.6,220.39
Apple Watch SE GPS 44mm Silver Aluminum Case with Storm Blue Sport Band - S/M,9504,4.6,250.4
"Puma x Batman Suede Classic Sneakers, Black/Barbados Cherry, 9",9,4.2,153.61
Movie Night Decorating Kit,2,4.5,10.0
Jordan MVP 'Cardinal' | White | Men's Size 7.5,698,4.8,129.41
"Hamzer 61-Key Digital Music Piano Keyboard, Portable Electronic Musical Instrument",48,4.3,81.18
"Dell Precision 3000 3561 15.6"" Mobile Workstation - Full HD - 1920 x 1080 - Intel Core i5 11th Gen i5-11400H Hexa-core (6 Core) 2.70 GHz - 16 GB Total RAM - 256 GB SSD - Titan Gray",169,4.4,1871.59
"Dell Latitude 14 5401 Laptop 14"" - i5-9300H - 16GB Ram - 256GB - Black - 12 Months Warranty",2773,4.3,270.61
Black Mud Flap/Black Logo - Rally Armor - MF9-BAS-BLK,5,5.0,23.32
"HP 15.6"" FHD Laptop | AMD Ryzen 5 7520U(Beat i7-1255U | Integrated AMD Radeon Graphics | 16GB Ram Ddr5 | 256GB SSD | Windows 11 Home | Bundle with",3234,4.5,436.25
Samsung Galaxy S20 5G Unlocked Cloud Blue/128GB/Grade A+ (Refurbished),8575,4.4,203.21
Apple iPhone 11 - Black - 128 GB - T-Mobile,105232,4.6,249.05
Skechers Louden - Men's - Brown,135,4.6,54.07
Like New Samsung Galaxy S22 5G Sm-s901u1 128GB Pink (US Model) - Factory Unlocked Cell Phone,43005,4.3,240.05
Apple iPhone 12 mini - 128 GB - Green - AT&T,16816,4.5,287.5
"Dell Chromebook 3000 3110 11.6"" Touchscreen Chromebook - HD - Intel Celeron",340,4.5,365.66
iPhone 15 Pro Max 512gb Blue Titanium Unlocked- Apple,18385,4.7,1505.18
"Brooks Revel 6 8.5 , White/Black (Men's)",359,4.4,84.36
"Apple 11-inch iPad Pro Wi-Fi - 4th Generation - Tablet - 128 GB - 11"" IPS (2388 x 1668) - Space Gray",3224,4.8,826.08
"Samsung Galaxy Z Fold 5 Cell Phone, Factory Unlocked Android Smartphone, 256GB, Big 7.6 Screen for Streaming, Gaming, Dual App View, One-Hand Control,",29571,4.5,1510.66
Apple iPhone 12 mini - 64 GB - Black - Verizon,16816,4.5,248.6
686 Men's Smarty 3-in-1 Form Jacket - Orion Blue Colorblock / XL,206,4.7,190.62
Ugg Women's Classic Mini II Boots Grey / 7,5132,4.5,173.6
Samsung Galaxy S21 Fe 5G SM-G990A White 128GB 6GB Ram GSM Unlocked Phone 32MP Selfie Camera,6097,4.3,1211.99
Apple iPhone 15 256GB Yellow,17335,4.6,1735.56
Lugz Convoy Men's Boot - Black Size 12,253,4.4,50.81
Dell Latitude 5530 - 15.6-inch - Core i5 1235u - 8 GB Ram - 256 GB SSD,540,4.5,2410.0
"Dell Latitude E7470 Laptop Computer, 2.40 GHz Intel i5 Dual Core Gen 6, 16GB DDR3 Ram, 512gb Solid State Drive (SSD) SSD Hard Drive, Windows 10",687,4.3,326.24
Outdoor Research Helium Rain Jacket - Men's Classic Blue M,479,4.0,193.8
Apple 11-inch iPad Pro Wi-Fi - 4th Generation,4730,4.7,958.07
HP 15-fa0032dx 15.6 144Hz Core i7-12650H 1.7GHz - 16GB Ram - 512gb,34,4.3,1083.01
"MacBook Air 15"" M3 - 8GB Ram 512gb SSD - Midnight - Apple",1331,4.8,1622.67
Apple 10.2-inch iPad Wi-Fi 64gb - Silver (9th Gen),82178,4.8,218.99
Apple iPhone 7 Plus - Black - 256GB,24798,4.5,192.6
"Apple MacBook Air 13"" 1.6GHz Intel 8GB RAM / 128GB HDD MacOS Laptop",62,4.1,439.9
"Apple Watch Nike SE GPS, 40mm Space Gray Aluminum Case with Anthracite/Black Nike Sport Band",1096,4.6,152.59
Samsung Galaxy J5 - Dual-SIM - 16 GB - White - Unlocked - GSM,5501,4.5,129.99
Apple iPhone 15 Pro Max - 256 GB - Black Titanium - AT&T,14938,4.3,800.98
"MacBook Pro M3 14-inch - 8GB Ram, 512gb SSD - Silver - Apple Education Store",1700,4.8,1244.86
Samsung Galaxy S23 - 128 GB - Graphite - Unlocked,33443,4.5,504.62
"Samsung Galaxy S23 Ultra 5G (512GB, Blue) AU - Excellent - Unlocked",60160,4.7,2583.65
"Under Armour Men's Mojo 2 Sportstyle Shoes - Black, 11",556,4.6,106.56
Apple iPad Mini 3 16GB Silver Tablet - MGNV2CL/A,2909,4.6,99.0
Apple iPhone 12 - 256 GB - (PRODUCT)RED - Unlocked,44126,4.5,469.72
11-inch iPad Pro Wi-Fi 512GB - Space Gray | Apple,4730,4.7,1212.74
"Restored | Dell Chromebook | Intel Celeron N3060 | 11.6-inch | 4GB Ram 16GB | Latest Os | Bundle: USA Essentials Bluetooth/Wireless Airbuds, Wireless",390,2.8,142.43
iPhone 8 64gb Space Grey Verizon - 12 Months Warranty,35155,4.3,86.51
HP 14-dk1022 AMD Ryzen 3 3250u 2.6GHz 128GB SSD 4GB Win10 S Natural Silver,738,3.7,312.84
Nike Air Max 270 - Boys' Grade School Running Shoe White/Black/Anthracite Size 04.0,6761,4.7,149.66
Apple iPad Air 4 - Wi-Fi + Cellular - 64 GB - Silver,8462,4.7,699.99
Lenovo 81QC0000US 11.6 in. 4GB 32GB 300E 2nd Gen Chromebook,1054,3.8,149.99
Apple iPhone 13 Pro Max - 512 GB - Alpine Green,12510,4.6,725.04
Apple iPhone 13 - 128GB - Midnight - AT&T,55719,4.7,1155.58
"HP ProBook 450 G10 854L8ES 15, 6"" FHD IPS, Intel i7-1355U, 16GB Ram, 1TB Ssd, Windows 11 Pro (854L8ES#ABD)",483,4.6,1115.61
"Apple MacBook Air Mre82ll/a 13.3"" 16GB 256GB SSD Core I58350u 1.6GHz macOS, Silver (Certified Refurbished)",2215,4.6,416.39
"Restored Apple iPad Pro (11-inch, Wi-Fi, 128GB) - Silver (2nd Generation) (Refurbished)",3228,4.7,517.32
Apple iPhone 12 - 128 GB - Purple - AT&T,44126,4.5,461.94
iPhone 12 - 128GB - Blue- Unlocked,44126,4.5,358.96
"Lenovo THINKBOOK 14 G7 IML 21MR005QUS 14"" Notebook - WUXGA - Intel Core Ultra",21,4.3,817.49
Samsung Galaxy S24 Ultra - 256 GB - Titanium Black - AT&T,59640,4.7,1404.35
Megachef Pre-Seasoned Cast Iron 6 Piece Set with Red Silicone Holders,18,4.9,43.05
Ingenuity Keep Cozy Grow with Me 3-in-1 Bouncer and Rocker Seat,857,4.2,52.98
Apple 11-inch iPad Pro Wi-Fi + Cellular 512gb - Silver,4730,4.7,2324.55
Jessica Simpson Sherron Ankle Strap Block Heel Sandals - 11,290,4.3,90.83
"Apple MacBook Pro Laptop, 13.3 inch Retina Display, Intel Core i5-4278U, 4GB Ram, 128GB Ssd, Mac OS, Silver, MGX72LL/A (Refurbished)",24116,4.7,290.11
"Izod Men's Performance Stretch Classic Fit Flat Front Pants, Black, 34 x 32",29,4.6,44.78
15 inch Apple MacBook Pro Touch Bar 2.7GHz Quad Core i7 16gb Memory / 512gb SSD (Turbo Boost to 3.6GHz) Gray,23310,4.8,485.43
"Apple 13"" MacBook Pro - 2.3GHz Intel Core i5 - 8GB RAM - 128GB SSD - Silver",22905,4.8,1366.3
Bulova Men's Maquina Automatic Stainless Steel Watch 98a224,63,4.9,531.38
Samsung Galaxy S9 Plus SCV39 Sunrise Gold 64gb 6GB Ram GSM Unlocked Phone,16453,4.6,611.99
Samsung Galaxy S22 Ultra - 256GB - Graphite - Unlocked,38157,4.5,619.64
"HP EliteBook 840 G7 14"" Notebook - Full HD - 1920 x 1080 - Intel Core",128,4.6,2527.91
"Men's Wrangler ATG Synthetic Utility Pants, Size: 40x34, Brown",234,4.2,51.34
Samsung Galaxy A10e T-Mobile 32GB Black,5622,4.0,79.99
Microsoft Xbox Stereo Headset,14529,4.6,64.94
Levi's Premium Ribcage Wide Leg Jeans - Splash Zone - 25,204,4.2,116.81
Apple iPhone 15 Plus - 128 GB - Pink - Verizon,5918,4.6,864.74
Apple iPhone 12 Pro A2341 (Fully Unlocked) 128GB Silver (Used - B),9946,4.5,411.95
Nike Men Air Max Excee Black 12,4062,4.5,60.69
Samsung Galaxy S23 FE - 128 GB - Graphite - Unlocked,10398,4.4,681.96
"2chic Styling Mist, Flat Iron, Brazilian Keratin & Argan Oil - 4 fl oz",2669,4.5,24.56
"Apple iPhone 12 Pro Max - 5G Smartphone - Dual-SIM / Internal Memory 256 GB - OLED Display - 6.7"" - 2778 x 1284 pixels - 3X Rear Cameras 12 MP, 12 MP, 12 MP - Front Camera 12 MP - Graphite",15314,4.5,607.88
Logitech G335 Wired Gaming Headset,1609,4.7,74.19
On Cloudrock 2 Waterproof Men's Alloy/Eclipse - 9.5,194,4.5,238.14
Apple iPhone 14 Pro Max - 512 GB - Silver - Unlocked,19277,4.7,1028.2
Apple Watch SE (GPS) 44mm Space Gray Aluminum Case with Sport Band,18308,4.6,343.28
"Samsung Galaxy S10 Plus 128GB 6.4"" 4G LTE Verizon Unlocked, Prism Blue (Refurbished)",9110,4.5,280.28
"Acer Chromebook 515 CB515-1WT CB515-1WT-33PW 15.6"" Touchscreen Chromebook",491,4.6,542.06
Apple iPhone 12 Pro Max - 512 GB - Gold - Unlocked,15314,4.5,1484.0
"Used: Samsung Galaxy S20 Fe 5G, Verizon Only | 128gb, Green, 6.5 in, Size: in x in x in",2611,4.1,179.68
HP EliteBook 840 G6 - 14-inch - Core i5 8365u - 16 GB Ram - 256 GB SSD,667,4.4,507.43
Apple Watch Series 5 (GPS + Cellular) - 32GB - 44mm Space Grey Aluminum Case with Black Rubber Sport Band,9820,4.4,139.74
Apple iPhone 12 64gb Black 5G Fully Unlocked B Grade used Smartphone,44126,4.5,412.76
Samsung Galaxy S10 Plus - Prism Blue - 128GB,6529,4.4,295.13
Restored Apple iPhone 11 64gb (product) Red LTE Cellular T-Mobile Mwjg2ll/a (Refurbished),3468,3.4,235.43
Refurbished Apple iPad 7 - 10.2 Apple A10 Fusion 32GB/128GB Storage LTE in Gray,6533,4.5,268.74
Apple iPhone 8 64GB Factory GSM Unlocked - Space Gray,35155,4.3,116.55
Samsung Galaxy A54 5G (128GB + 8GB) Unlocked Dual Sim,34951,4.5,268.75
"Dell Latitude 5410 Business Laptop, Intel Core i5-10310U Quad Core 4.4GHz, 14"" Fhd, 16GB Ram 512gb Ssd, Cam, Windows 10 Pro (Renewed)",142,4.8,335.9
Living Proof Full Thickening Cream - 3.7 oz bottle,1138,4.4,17.17
iPhone 14 Pro Max 128GB Silver Verizon - 12 Months Warranty,19277,4.7,803.79
Key Denim Traditional Fit Dungaree,13,4.6,49.58
Seresto Flea & Tick Collar - for Small Dogs,40556,4.4,41.99
Apple iPhone XR 128GB White,57723,4.5,304.92
HP Pavilion 15-cs3153cl Core i5-1035G1 1.0GHz 512gb SSD 12GB Touchscreen BT Win10 Webcam Silver,2731,4.3,572.2
"HP Laptop, 15.6"" HD Screen, Intel Pentium Silver N5030 4 Cores Processor, 32GB Memory, 1TB Ssd, USB-C, SD Card Reader, Rj-45, 1-Year Office365",2595,4.0,626.39
Apple Watch Series 9 - 45mm - GPS + Cellular - Starlight Aluminum Case - Starlight Sport Band - S/M,14909,4.8,515.0
"Trailbuddy Trekking Poles - Adjustable Hiking Poles for Snowshoe & Backpacking Gear - Set of 2 Collapsible Walking Sticks, Aluminum with Cork Grip",805,4.8,34.63
"Apple Watch Series 2 42mm (Gold Aluminum Case, Midnight Blue Sport Band) MQ152LL/A + Powerhouse Charge Dock for Apple Watch and iPhoneMicroFiber Cloth",5297,4.4,32.45
Samsung Galaxy A31 128GB Prism Crush White,2409,4.4,726.1
Samsung Galaxy Z Flip5 - 256 GB - Mint - Unlocked,34196,4.5,859.99
"Reebok Fluxlite Men's Training Shoes, Size: 9.5, Gray",138,4.6,67.73
Kodak Pixpro (FZ43) Friendly Zoom Digital Camera (Black),368,3.8,149.73
"Apple iPhone 14 Plus, 256GB, Purple - Unlocked (Renewed)",11030,4.6,658.31
Kidz Delight Tech Too My First 2 n 1 Tablet,147,4.2,39.57
Apple Watch Series 6 (GPS + Cellular) - 32GB - 40mm Red Aluminum Case with Sport Band,11216,4.6,142.38
Apple iPad Pro 11 (2nd Generation) - Wi-Fi - 256 GB - Space Gray,10416,4.7,954.0
HP 3NU58UT#ABA Chromebook 11 G6 EE,542,3.7,209.99
Apple Watch Series 7 (GPS + Cellular) 45mm Silver Stainless Steel Case with Silver Milanese Loop,7337,4.5,440.72
Acer Chromebook Spin 311,1130,4.3,237.13
Pre-owned Apple iPhone 14 Pro Max (128GB) Gsm/cdma Unlocked - Deep Purple,19277,4.7,1196.09
"Under Armour Men's Charged Assert 10 Running Shoes, Size 7.5, White/Black",1225,4.6,70.62
Pause Well-Aging - Discovery Kit,52,4.2,16.69
"Nike Initiator Men's Running Shoes, Size: 11.5, Royal Volt Gray",1002,4.7,65.33
Samsung Galaxy S9 G960u 64gb GSM Unlocked (Midnight Black) Smartphone - Refurbished Good,24951,4.4,143.05
Yeti - 14 oz Rambler Mug with MagSlider Lid White,6815,4.8,39.53
"Dell 17"" Mobile Precision 7780 Workstation - Intel Core i7",496,4.2,3496.94
"Refurbished Like New Samsung Galaxy Note 20 Ultra 5G N986u 128GB Unlocked Smartphone, Black",8392,4.6,347.42
Restored Apple iPad Pro (4th Gen) 128GB Wi-Fi + 4G LTE Unlocked 12.9 inch (2020) - Space Gray (Refurbished),8501,4.8,633.21
"Dell V6X72 Latitude 5531 15.6"" Laptop Intel Core i7 16GB 256GB SSD",100,4.5,2950.43
Samsung Galaxy S23 - 256 GB - Phantom Black - Verizon,33443,4.5,520.56
Apple Watch Series 5 - 40mm - GPS + Cellular - Gold Aluminum Case - Pink Sand Sport Band,9820,4.4,141.52
Tahari Parfums Women's Wool Blend Belted Wrap Coat - Caramel,122,3.8,185.5
"Snapklik.com : Asus ZenBook 2-in-1 Laptop, 15.6 inch FHD Touchscreen, AMD Ryzen 7 5700u Processor",6,4.2,770.65
Samsung Galaxy XCover6 Pro 5G Black 128GB + 6GB Dual-SIM Unlocke,317,4.2,349.99
Apple Watch Series 7 GPS 45mm Green Aluminum Case with Clover Sport Band - Target Certified Refurbished,6533,4.5,261.28
Samsung Galaxy S24 Ultra - 512 GB - Titanium Gray - T-Mobile,59640,4.7,1212.39
100e Chromebook Gen 4 Lenovo 82W00001US,20,4.7,241.42
Lenovo ThinkPad X13 Gen 2 - 13.3-inch - Ryzen 5 Pro 5650u - 8 GB Ram - 256 GB SSD - US,1154,4.7,825.74
Klipsch R-41M Powerful Detailed Bookshelf Home Speaker Set of 2 Black,444,4.7,140.13
Apple iPhone 13 Pro Max - 512 GB - Sierra Blue,12510,4.6,2010.35
"Gateway 14.1"" Ultra Slim 8gb/256gb Laptop",81,3.0,269.84
Under Armour Men's Cleveland Brown/White Team Tech 1/4 Zip - Sample,182,4.6,49.39
Men's Altra Escalante 3 | Navy | 12,548,3.9,142.95
Samsung Galaxy S20+ - 128 GB - Cosmic Black - AT&T,9696,4.4,117.85
"Westin Outdoor 2-Piece Set Plastic Adirondack Chair with Ottoman Footrest Included, Weather Wood",18,3.5,234.88
Barefoot Dreams CozyChic Angular Stripe Cardigan in Cream/Stone,10,5.0,160.43
Patagonia Atom Sling 8L (Black),1693,4.5,72.78
Apple iPhone 6S Plus with 64gb Memory for Verizon - Silver,62729,4.5,75.16
Rowenta Steam Force Pro Iron,95,4.5,143.38
Nike Sportswear Club Jersey Pullover Hoodie XXL / Black,95,4.4,77.16
Nothing Technologies Nothing Phone (2) - 512 GB - Dark Grey - Unlocked,413,4.7,643.49
Samsung Galaxy S22+ -  128 GB -  Green -  Verizon,5982,4.5,385.86
Xiaomi Mi Note 10 Lite Dual-SIM-Smartphone Glacier-White 64gb MZB9201EU,1044,4.6,443.04
"Titan Men's Pathfinder Mountain Bike, Red",22,2.7,370.99
Samsung Galaxy Note 10+ Plus 256GB with S Pen Aura Glow-Silver,6470,4.5,298.99
"Acer Swift 3 Intel Evo Thin & Light Laptop 14.0"" Full HD IPS Intel Core i7-1165G7 Intel Iris XE Graphics 8GB Lpddr4x 512gb SSD Wi-Fi 6 Fingerprint",2184,4.5,641.99
Marcy Utility Bench,128,4.3,229.99
Apple iPhone 11 Pro 64gb Verizon + GSM Unlocked T-Mobile AT&T 4G LTE - Gold,14714,4.4,274.99
"Samsung Galaxy Z Fold 4 5G (256GB, Graygreen) AU - Pristine - Unlocked",8491,4.3,593.55
"Just Smarty Electronic Interactive Alphabet Wall Chart, Talking ABC & 123s & Toy",10,3.7,33.18
"Dell Precision 5000 5570 71XC3 15.6"" Mobile Workstation",482,4.4,1513.79
"Levi's Men's 501 Original Fit Jeans, 28 32, Black",2118,4.4,92.26
Apple iPhone XR - Red - 64 GB - Unlocked,57723,4.5,264.99
"Apple MacBook Pro 15.4-inch 2019 with Touch Bar MV932LL/A, Intel Core i9, 512GB, 16GB Ram - Silver (Certified Refurbished)",22134,4.8,476.86
"Refurbished Apple 12.9-inch Display iPad Pro, Wi-Fi +4G Unlocked, 32gb, Bundle: Case, Tempered Glass, Rapid Charger, Bluetooth Headset - Silver",224,3.1,479.98
"PlayStation 5 Slim, PS5 Console Digital Edition, Built-in 1TB SSD Storage Bundle",15296,4.8,794.94
Ugg Ansley Women's Black / 6,4165,4.6,111.2
Dell Latitude 5530 - 15.6-inch - Core i7 1255u - 16 GB Ram - 256 GB SSD,540,4.5,1613.29
"LG Gram 14Z90P-N.APS3U1 14"" Rugged Notebook - Intel Core i5 10th Gen i5-1035G7 - 8 GB - 256 GB SSD - Dark Silver",59,4.5,1152.43
Men's Under Armour Peak Woven Shorts Small Midnight Navy,126,4.4,86.01
Samsung - Galaxy A53 5G 128GB - Awesome Black (at&t),22194,4.3,178.63
Apple Watch Series 9 45mm / Midnight Aluminum Case with Midnight Sport Band - M/L / GPS,14909,4.8,362.72
"Apple iPad Air 32gb, Wi-Fi, 9.7"" - Space Gray - (md786ll/a)",10698,4.3,96.12
"Samsung Sm-n975uzkaatt Galaxy Note10+ 256GB, Aura Black AT&T",6470,4.5,278.4
Samsung Galaxy S23+ - 512 GB - Phantom Black - Unlocked,8219,4.6,1116.87
"Thorogood 6"" Crosstrex Series Side Zip Waterproof Boots, Men's Black",279,4.2,123.05
The North Face Borealis Classic Backpack,3267,4.9,130.78
Rawlings 32 Baseball Sunglasses White/Blue,50,4.5,21.63
"Acer Chromebook 11.6"" Intel Celeron Dual 1.6GHz 4GB Ram 16GB Chrome OS|C731-C8VE",846,4.0,47.03
Samsung Galaxy Z Fold4 1TB GrayGreen Factory Unlocked(Renewed),8491,4.3,1111.92
Disney Store Official Woody Interactive Talking Action Figure - Toy Story Toys - Pull String Woody Toy Story Doll with Phrases & Interactive Feature,487,4.4,42.58
"The Myth of Normal: Trauma, Illness, and Healing in a Toxic Culture [Book]",96,0.0,32.0
"HP x360 14"" Celeron 4GB Ram, 32GB eMMC Touch Chromebook",2782,4.2,414.05
Assassin's Creed Mirage - PlayStation 5,1794,4.5,40.24
"Hoka Men's Solimar Running Shoes, Size 11, White",674,4.3,133.74
Skechers Slip-Ins: Parson - Dewitt Men's Shoes Taupe : 9 D - Medium,42,4.6,102.62
"HP Stream 14-cb171 Celeron N4020 64gb eMMC 4GB 14"" Win10 S Blue",2869,3.7,207.37
"Surface Laptop Go 2, 128GB Ssd, Intel Core i5, 8GB Ram, Sage, Microsoft",5,3.8,622.91
"Gateway 15.6"" FHD IPS Window Laptop - AMD Ryzen 7 - 16GB Ram - 1TB SSD",48,3.7,578.2
Apple iPad Pro 11-inch Wi-Fi 128GB - Silver,6216,4.5,827.76
Apple iPhone 8 Plus - Gold - 64 GB - Verizon,15920,4.4,114.48
"MacBook Pro 16-inch - M1 Pro, 16GB Ram, 512gb - Space Gray- Apple",1620,4.8,1777.62
Mobile Suit Gundam - RX-78-2 Gundam - PG Unleashed 1/60,207,5.0,326.34
Levi's XX Chino Authentic Straight Fit Men's Pants - Navy Blazer Soft Garment Dye 40 x 32,36,4.0,107.44
"HP Chromebook 14a-na0200nr, 14"", Intel Celeron , 4GB Ram, 64gb eMMC 60F57UA#ABA",335,4.0,231.4
Restored Samsung Galaxy S22 Plus 5G S906u (Fully Unlocked) 128GB Phantom White (Refurbished),368,4.0,346.97
81mb0066us - Lenovo 300E Chromebook 2nd Gen - Celeron N4020,1020,4.1,215.74
Samsung Galaxy A05s 64gb 4GB EU Black SM-A057GZKUEUB,19903,4.8,279.09
Samsung Galaxy A13 32GB Black,18369,4.4,115.94
"Onix Z5 Graphite Pickleball Paddle, Blue",1064,4.7,97.41
Apple iPhone SE (2020) - 256 GB - White - Unlocked,26219,4.4,164.3
Apple iPad Mini WiFi 64gb 8.3 Grey,14021,4.8,572.48
"Asus VivoBook 15.6"" Laptop, Intel Core i3-1215U, 8GB Memory, 256GB Ssd, Windows 11 Home, Quiet Blue (F1504ZA-SB34)",1140,4.2,433.0
Things We Never Got Over [Book],237,0.0,18.99
Preowned iPad (5th Generation) with Wi-Fi - 32GB,311,4.5,141.69
Apple 12.9-inch iPad Pro M2 Wi-Fi + Cellular 128GB - Silver,4664,4.8,1399.99
"Lenovo ThinkPad T14s Gen 5 Intel Laptop, 14"" IPS 60HZ, 125u, Graphics, 16gb, 512gb SSD",8,4.6,1713.89
Apple MBP 2.3GHz QC 8GB 512gb-usa 13.3in SpaceGray (mr9r2ll/a),22905,4.8,1659.95
Recertified - Apple Watch Series 6 40mm GPS Cellular - Titanium Case - Black Sport Band,3619,4.2,173.33
Apple iPhone 14 Pro (A2650) 256GB Gold GSM Unlocked,12919,4.6,1530.74
Stone Cottage Emilia Quilt Set - Green - Twin,394,4.4,48.49
"Samsung - Galaxy Tab S7 11"" 256GB with S Pen Wi-Fi - Mystic Navy",2508,4.8,297.1
"Smartphone Apple iPhone 14 Yellow A15 6,1"" 128 GB",25277,4.6,695.98
"Pre-owned Apple MacBook Pro Laptop Core i9 2.4GHz 32GB Ram 512gb SSD 16"" Space Gray Mvvk2ll/a (2019) - Refurbished - Good",1672,4.6,905.0
"used Samsung Galaxy S20 5G 128GB Cosmic Grey Fully Unlocked Grade B (lcd Shadow), Gray",8575,4.4,146.33
"Self-Love Workbook for Women: Release Self-Doubt, Build Self-Compassion, and Embrace Who You Are [Book]",70,0.0,15.99
Wrangler Rigid Men's Cowboy Cut Original Fit Jean,3103,4.6,50.62
Apple Watch SE GPS 44mm Midnight Aluminum Case with Midnight Sport Band - M/L,11721,4.7,286.25
"Joy Systems - EliteBook 830 G5 13.3"" Notebook - Full HD - Intel Core i7 8th",681,4.8,569.96
Skechers USA Slip-Ins RF: Craster-Lanigan 9 Men's Brown,23,4.8,90.62
Apple iPhone 8 Fully Unlocked Gold / 128GB,35155,4.3,109.29
Microsoft Surface Laptop Go i5 8GB 256GB - Ice Blue,2205,4.5,762.39
"Dell Inspiron 7430-7374 2-in-1 Core i7-1355U 1TB SSD 16GB 14"" WUXGA Touchscreen Win11 Platinum Silver",4008,4.3,1145.32
Apple iPhone 15 Pro - 128 GB - Blue Titanium - Unlocked,15461,4.4,794.0
Adar Pro Women's Sweetheart V-Neck Scrub Top,7,3.8,15.59
Samsung Galaxy S5 Sport SM-G860 16GB 2GB Ram Qualcomm Snapdragon 801 GSM Unlocked Phone,191,4.4,561.99
Apple iPad Pro 12.9-inch - Gold - 64gb,3228,4.7,2000.99
The Fidget Game Learn to Read in Weeks Master 220 High-Frequency Dolch Sight Words Curriculum-Appropriate Reading Game for Pre-K to Grade 3 - Popping,333,0.0,39.57
iPhone XS Max 64gb Gold (at&t) Refurbished A+,10881,4.5,259.7
"Apple MacBook Air - 13.3"" - M1 Chip - 8GB Ram - 256GB SSD - Silver",36643,4.8,803.67
"Samsung Galaxy A20e Sm-a202f 14.7 cm (5.8"") 3 GB 32 GB Dual Sim 4G USB Type-C Black 3000 mAh",9931,4.4,603.14
Samsung Galaxy S23 Ultra - 512 GB - Phantom Black - AT&T,60160,4.7,677.25
"Asus - 15.6"" Touchscreen Cloud Gaming Chromebook - Intel Core i5-1135G7 - 8GB Memory - 256GB SSD - Gray",89,4.3,594.99
Puma Women's Pacer Future Allure Running Sneakers - White,28,4.6,39.95
Samsung Galaxy S22 Ultra 5G 12gb/256gb 6.8 Dual Sim Smartphone White,38157,4.5,480.43
Samsung Galaxy S8+ GSM Unlocked 64gb Smartphone,12098,4.6,330.73
"Raymond Weil Tango Watch, 41mm",6,0.0,765.0
Restored Apple iPhone 11 128GB White LTE Cellular T-Mobile Mwjm2ll/a (Refurbished),3468,3.4,306.34
Samsung Galaxy S10e G970u (Fully Unlocked) 128GB Prism Blue (Grade A),4442,4.3,140.58
iPhone XS Max - 256GB Silver - AT&T - Apple (with installments plan),10881,4.5,384.0
"iPlay, iLearn Construction Site Vehicles Toy Set",5,4.2,42.64
"Apple iPhone 13 Pro Max, 512GB, Graphite - Unlocked (Renewed)",3781,4.3,721.33
Baby Trend Trooper 3-in-1 Convertible Car Seat - Quartz Pink,233,4.0,77.46
"Free Soldier Men’s Waterproof Hiking Boots 6 Inches Lightweight Work Boots Military Tactical Boots Durable Combat Boots (Black Color, US 10)",2210,4.5,75.78
"HP ZBook Fury G10 16"" Mobile Workstation - Intel Core i9 13th Gen - 64gb Ram - 2TB SSD",29,4.2,4935.29
"Apple MacBook Pro Mpxv2ll/a 13.3"" 8GB 512gb SSD Core i5-7267U 3.5Ghz macOS, Space Gray (Certified Refurbished)",22905,4.8,395.89
Apple iPhone 13 Pro - Alpine Green - 128GB,10679,4.7,576.79
"Apple MC769LL iPad 2 Tablet - Wi-Fi - 16 GB - Black - 9.7""",14914,4.0,56.99
"Dell Latitude 7420, Reconditioned, Intel Core i7-1185G7, 16gb, 1TB Ssd, 1920x1080 (fhd), Webcam, Backlit Keyboard, 1 Year Warranty, Windows 11 Pro,",67,4.6,713.64
Apple iPhone 11 Pro Max - 512 GB - Unlocked - Midnight Green,19310,4.6,547.83
"Under Armour Women's Rival Terry Joggers, 1X, Jet Gray",28,4.8,37.43
Hoka - Women's Transport Eggnog / Eggnog / 8.5,440,4.4,162.38
Samsung Galaxy S24+ 12gb/256gb 6.7 Dual Sim Grey,13341,4.6,821.49
"Lifestyle Solutions Mavrick Sofa with Rolled Arms, Grey",403,3.1,326.47
"HP EliteBook 840 G10 14"" Notebook - WUXGA - Intel Core i5 13th Gen i5-1345U - 16 GB - 512 GB SSD",31,4.3,952.86
"Smartphone Samsung SM-A145R/DSN Black 6,6"" 4 GB Ram 64 GB",24966,4.4,146.48
Apple iPhone 15 128GB Green,16645,4.6,790.98
Apple iPhone 15 Pro Max - 512 GB - Blue Titanium,29727,4.6,899.0
Apple iPhone XR 128GB Red,72275,4.6,287.46
Apple iPhone 15 (128 GB) - Blue,16645,4.6,714.61
Apple iPhone 14 128GB Blue,25875,4.6,839.0
Apple iPhone 14 Pro 256GB Silver,6745,4.6,1199.0
Apple iPhone 12 64gb White,50481,4.5,294.8
Apple iPhone 8 256GB Space Grey,7584,4.2,119.48
Apple iPhone 11 - 64gb - White (Unlocked),121185,4.6,259.99
Apple iPhone 15 Pro 128GB Natural Titanium MTUX3ZD/A,15863,4.4,1388.85
Apple iPhone 12 Mini - 5G Smartphone,20402,4.5,239.88
